AÃ±o,Pais,Id_Pais,Poblacion_pais_asilo
2001,Afghanistan,AFG,10
2003,Afghanistan,AFG,24
2004,Afghanistan,AFG,31
2005,Afghanistan,AFG,31
2006,Afghanistan,AFG,34
2007,Afghanistan,AFG,43
2008,Afghanistan,AFG,37
2009,Afghanistan,AFG,36
2010,Afghanistan,AFG,6434
2011,Afghanistan,AFG,3011
2012,Afghanistan,AFG,16184
2013,Afghanistan,AFG,16861
2014,Afghanistan,AFG,300421
2015,Afghanistan,AFG,257553
2016,Afghanistan,AFG,59770
2017,Afghanistan,AFG,75927
2018,Afghanistan,AFG,72228
2019,Afghanistan,AFG,72227
2020,Afghanistan,AFG,72278
2000,Albania,ALB,521
2001,Albania,ALB,291
2002,Albania,ALB,18
2003,Albania,ALB,24
2004,Albania,ALB,49
2005,Albania,ALB,53
2006,Albania,ALB,56
2007,Albania,ALB,68
2008,Albania,ALB,57
2009,Albania,ALB,69
2010,Albania,ALB,75
2011,Albania,ALB,79
2012,Albania,ALB,84
2013,Albania,ALB,96
2014,Albania,ALB,111
2015,Albania,ALB,109
2016,Albania,ALB,141
2017,Albania,ALB,124
2018,Albania,ALB,132
2019,Albania,ALB,120
2020,Albania,ALB,105
2000,Algeria,DZA,169654
2001,Algeria,DZA,169417
2002,Algeria,DZA,169233
2003,Algeria,DZA,169032
2004,Algeria,DZA,169053
2005,Algeria,DZA,94104
2006,Algeria,DZA,94181
2007,Algeria,DZA,94137
2008,Algeria,DZA,94094
2009,Algeria,DZA,94136
2010,Algeria,DZA,94141
2011,Algeria,DZA,94145
2012,Algeria,DZA,94130
2013,Algeria,DZA,94142
2014,Algeria,DZA,94119
2015,Algeria,DZA,94176
2016,Algeria,DZA,94220
2017,Algeria,DZA,94248
2018,Algeria,DZA,94341
2019,Algeria,DZA,98599
2020,Algeria,DZA,97651
2000,Angola,AGO,12086
2001,Angola,AGO,12245
2002,Angola,AGO,12249
2003,Angola,AGO,13375
2004,Angola,AGO,13963
2005,Angola,AGO,13978
2006,Angola,AGO,13086
2007,Angola,AGO,12064
2008,Angola,AGO,12704
2009,Angola,AGO,14722
2010,Angola,AGO,15142
2011,Angola,AGO,16212
2012,Angola,AGO,23401
2013,Angola,AGO,23771
2014,Angola,AGO,15468
2015,Angola,AGO,15547
2016,Angola,AGO,15547
2017,Angola,AGO,41119
2018,Angola,AGO,39856
2019,Angola,AGO,25793
2020,Angola,AGO,25791
2015,Antigua and Barbuda,ATG,15
2016,Antigua and Barbuda,ATG,5
2000,Argentina,ARG,2383
2001,Argentina,ARG,2384
2002,Argentina,ARG,2428
2003,Argentina,ARG,2631
2004,Argentina,ARG,2898
2005,Argentina,ARG,3051
2006,Argentina,ARG,3132
2007,Argentina,ARG,3247
2008,Argentina,ARG,2824
2009,Argentina,ARG,3209
2010,Argentina,ARG,3257
2011,Argentina,ARG,3341
2012,Argentina,ARG,3468
2013,Argentina,ARG,3340
2014,Argentina,ARG,3473
2015,Argentina,ARG,3187
2016,Argentina,ARG,3267
2017,Argentina,ARG,3332
2018,Argentina,ARG,3442
2019,Argentina,ARG,3857
2020,Argentina,ARG,3965
2000,Armenia,ARM,280586
2001,Armenia,ARM,264337
2002,Armenia,ARM,247549
2003,Armenia,ARM,239289
2004,Armenia,ARM,235233
2005,Armenia,ARM,219547
2006,Armenia,ARM,113713
2007,Armenia,ARM,4564
2008,Armenia,ARM,3952
2009,Armenia,ARM,3605
2010,Armenia,ARM,3292
2011,Armenia,ARM,2913
2012,Armenia,ARM,2849
2013,Armenia,ARM,13727
2014,Armenia,ARM,17635
2015,Armenia,ARM,19314
2016,Armenia,ARM,17883
2017,Armenia,ARM,17968
2018,Armenia,ARM,17966
2019,Armenia,ARM,17980
2020,Armenia,ARM,107910
2000,Australia,AUS,60219
2001,Australia,AUS,57885
2002,Australia,AUS,59422
2003,Australia,AUS,56242
2004,Australia,AUS,63478
2005,Australia,AUS,64955
2006,Australia,AUS,68942
2007,Australia,AUS,22161
2008,Australia,AUS,20915
2009,Australia,AUS,22543
2010,Australia,AUS,21790
2011,Australia,AUS,23423
2012,Australia,AUS,30061
2013,Australia,AUS,34485
2014,Australia,AUS,35565
2015,Australia,AUS,36917
2016,Australia,AUS,42187
2017,Australia,AUS,48480
2018,Australia,AUS,56934
2019,Australia,AUS,58529
2020,Australia,AUS,57411
2000,Austria,AUT,15493
2001,Austria,AUT,14375
2002,Austria,AUT,14122
2003,Austria,AUT,16097
2004,Austria,AUT,17777
2005,Austria,AUT,21212
2006,Austria,AUT,25475
2007,Austria,AUT,30767
2008,Austria,AUT,37546
2009,Austria,AUT,38895
2010,Austria,AUT,42613
2011,Austria,AUT,47055
2012,Austria,AUT,51707
2013,Austria,AUT,55575
2014,Austria,AUT,60724
2015,Austria,AUT,72198
2016,Austria,AUT,93242
2017,Austria,AUT,115252
2018,Austria,AUT,128779
2019,Austria,AUT,135951
2020,Austria,AUT,141816
2000,Azerbaijan,AZE,280
2001,Azerbaijan,AZE,363
2002,Azerbaijan,AZE,453
2003,Azerbaijan,AZE,324
2004,Azerbaijan,AZE,8604
2005,Azerbaijan,AZE,3004
2006,Azerbaijan,AZE,2619
2007,Azerbaijan,AZE,2351
2008,Azerbaijan,AZE,2060
2009,Azerbaijan,AZE,1643
2010,Azerbaijan,AZE,1894
2011,Azerbaijan,AZE,1727
2012,Azerbaijan,AZE,1467
2013,Azerbaijan,AZE,1377
2014,Azerbaijan,AZE,1298
2015,Azerbaijan,AZE,1279
2016,Azerbaijan,AZE,1193
2017,Azerbaijan,AZE,1120
2018,Azerbaijan,AZE,1130
2019,Azerbaijan,AZE,1109
2020,Azerbaijan,AZE,1572
2000,Bahamas,BHS,98
2010,Bahamas,BHS,27
2011,Bahamas,BHS,27
2012,Bahamas,BHS,36
2013,Bahamas,BHS,14
2014,Bahamas,BHS,12
2015,Bahamas,BHS,7
2016,Bahamas,BHS,9
2017,Bahamas,BHS,8
2018,Bahamas,BHS,14
2019,Bahamas,BHS,10
2020,Bahamas,BHS,15
2008,Bahrain,BHR,48
2009,Bahrain,BHR,139
2010,Bahrain,BHR,165
2011,Bahrain,BHR,199
2012,Bahrain,BHR,289
2013,Bahrain,BHR,294
2014,Bahrain,BHR,310
2015,Bahrain,BHR,246
2016,Bahrain,BHR,270
2017,Bahrain,BHR,255
2018,Bahrain,BHR,262
2019,Bahrain,BHR,251
2020,Bahrain,BHR,256
2000,Bangladesh,BGD,21623
2001,Bangladesh,BGD,22169
2002,Bangladesh,BGD,22024
2003,Bangladesh,BGD,19791
2004,Bangladesh,BGD,20450
2005,Bangladesh,BGD,21099
2006,Bangladesh,BGD,26308
2007,Bangladesh,BGD,27571
2008,Bangladesh,BGD,28384
2009,Bangladesh,BGD,228587
2010,Bangladesh,BGD,229256
2011,Bangladesh,BGD,229669
2012,Bangladesh,BGD,230696
2013,Bangladesh,BGD,231142
2014,Bangladesh,BGD,232468
2015,Bangladesh,BGD,231954
2016,Bangladesh,BGD,276203
2017,Bangladesh,BGD,932209
2018,Bangladesh,BGD,906640
2019,Bangladesh,BGD,854779
2020,Bangladesh,BGD,866534
2000,Belarus,BLR,453
2001,Belarus,BLR,581
2002,Belarus,BLR,612
2003,Belarus,BLR,631
2004,Belarus,BLR,719
2005,Belarus,BLR,718
2006,Belarus,BLR,683
2007,Belarus,BLR,643
2008,Belarus,BLR,602
2009,Belarus,BLR,578
2010,Belarus,BLR,587
2011,Belarus,BLR,594
2012,Belarus,BLR,572
2013,Belarus,BLR,599
2014,Belarus,BLR,919
2015,Belarus,BLR,1805
2016,Belarus,BLR,1647
2017,Belarus,BLR,2155
2018,Belarus,BLR,2225
2019,Belarus,BLR,2725
2020,Belarus,BLR,2900
2000,Belgium,BEL,18821
2001,Belgium,BEL,12252
2002,Belgium,BEL,12560
2003,Belgium,BEL,12583
2004,Belgium,BEL,13522
2005,Belgium,BEL,15277
2006,Belgium,BEL,16811
2007,Belgium,BEL,17578
2008,Belgium,BEL,17025
2009,Belgium,BEL,15536
2010,Belgium,BEL,17891
2011,Belgium,BEL,22396
2012,Belgium,BEL,22023
2013,Belgium,BEL,25617
2014,Belgium,BEL,29170
2015,Belgium,BEL,35302
2016,Belgium,BEL,42158
2017,Belgium,BEL,42158
2018,Belgium,BEL,42158
2019,Belgium,BEL,61662
2020,Belgium,BEL,64973
2000,Belize,BLZ,1248
2001,Belize,BLZ,1128
2002,Belize,BLZ,1048
2003,Belize,BLZ,861
2004,Belize,BLZ,732
2005,Belize,BLZ,624
2006,Belize,BLZ,488
2007,Belize,BLZ,358
2008,Belize,BLZ,277
2009,Belize,BLZ,230
2010,Belize,BLZ,134
2011,Belize,BLZ,78
2012,Belize,BLZ,27
2013,Belize,BLZ,21
2014,Belize,BLZ,10
2015,Belize,BLZ,34
2018,Belize,BLZ,29
2019,Belize,BLZ,29
2020,Belize,BLZ,29
2000,Benin,BEN,4290
2001,Benin,BEN,4794
2002,Benin,BEN,5014
2003,Benin,BEN,5032
2004,Benin,BEN,4800
2005,Benin,BEN,30288
2006,Benin,BEN,10785
2007,Benin,BEN,7611
2008,Benin,BEN,6927
2009,Benin,BEN,7204
2010,Benin,BEN,7136
2011,Benin,BEN,7213
2012,Benin,BEN,4960
2013,Benin,BEN,190
2014,Benin,BEN,414
2015,Benin,BEN,526
2016,Benin,BEN,804
2017,Benin,BEN,1056
2018,Benin,BEN,1167
2019,Benin,BEN,1238
2020,Benin,BEN,1396
2000,Bolivia,BOL,352
2001,Bolivia,BOL,348
2002,Bolivia,BOL,352
2003,Bolivia,BOL,525
2004,Bolivia,BOL,524
2005,Bolivia,BOL,532
2006,Bolivia,BOL,562
2007,Bolivia,BOL,619
2008,Bolivia,BOL,649
2009,Bolivia,BOL,664
2010,Bolivia,BOL,680
2011,Bolivia,BOL,701
2012,Bolivia,BOL,717
2013,Bolivia,BOL,734
2014,Bolivia,BOL,751
2015,Bolivia,BOL,762
2016,Bolivia,BOL,776
2017,Bolivia,BOL,802
2018,Bolivia,BOL,802
2019,Bolivia,BOL,863
2020,Bolivia,BOL,1116
2000,Bosnia and Herzegovina,BIH,38150
2001,Bosnia and Herzegovina,BIH,32744
2002,Bosnia and Herzegovina,BIH,28020
2003,Bosnia and Herzegovina,BIH,22515
2004,Bosnia and Herzegovina,BIH,22209
2005,Bosnia and Herzegovina,BIH,10566
2006,Bosnia and Herzegovina,BIH,10315
2007,Bosnia and Herzegovina,BIH,7364
2008,Bosnia and Herzegovina,BIH,7254
2009,Bosnia and Herzegovina,BIH,7130
2010,Bosnia and Herzegovina,BIH,7014
2011,Bosnia and Herzegovina,BIH,6932
2012,Bosnia and Herzegovina,BIH,6904
2013,Bosnia and Herzegovina,BIH,6924
2014,Bosnia and Herzegovina,BIH,6883
2015,Bosnia and Herzegovina,BIH,6789
2016,Bosnia and Herzegovina,BIH,5266
2017,Bosnia and Herzegovina,BIH,5224
2018,Bosnia and Herzegovina,BIH,5227
2019,Bosnia and Herzegovina,BIH,5241
2020,Bosnia and Herzegovina,BIH,5232
2000,Botswana,BWA,3549
2001,Botswana,BWA,3577
2002,Botswana,BWA,2798
2003,Botswana,BWA,2831
2004,Botswana,BWA,2831
2005,Botswana,BWA,3101
2006,Botswana,BWA,3154
2007,Botswana,BWA,2462
2008,Botswana,BWA,3020
2009,Botswana,BWA,3023
2010,Botswana,BWA,2983
2011,Botswana,BWA,3312
2012,Botswana,BWA,2784
2013,Botswana,BWA,2771
2014,Botswana,BWA,2642
2015,Botswana,BWA,2127
2016,Botswana,BWA,2090
2017,Botswana,BWA,2116
2018,Botswana,BWA,2044
2019,Botswana,BWA,1113
2020,Botswana,BWA,617
2000,Brazil,BRA,2718
2001,Brazil,BRA,2877
2002,Brazil,BRA,3176
2003,Brazil,BRA,3190
2004,Brazil,BRA,3333
2005,Brazil,BRA,3446
2006,Brazil,BRA,3478
2007,Brazil,BRA,20764
2008,Brazil,BRA,3831
2009,Brazil,BRA,4218
2010,Brazil,BRA,4346
2011,Brazil,BRA,4466
2012,Brazil,BRA,4681
2013,Brazil,BRA,5185
2014,Brazil,BRA,7478
2015,Brazil,BRA,8703
2016,Brazil,BRA,9674
2017,Brazil,BRA,10260
2018,Brazil,BRA,11304
2019,Brazil,BRA,32844
2020,Brazil,BRA,59092
2000,Bulgaria,BGR,1470
2001,Bulgaria,BGR,2984
2002,Bulgaria,BGR,3642
2003,Bulgaria,BGR,4047
2004,Bulgaria,BGR,4676
2005,Bulgaria,BGR,4388
2006,Bulgaria,BGR,4479
2007,Bulgaria,BGR,4808
2008,Bulgaria,BGR,5108
2009,Bulgaria,BGR,5375
2010,Bulgaria,BGR,5519
2011,Bulgaria,BGR,5676
2012,Bulgaria,BGR,2273
2013,Bulgaria,BGR,4305
2014,Bulgaria,BGR,11026
2015,Bulgaria,BGR,16543
2016,Bulgaria,BGR,17794
2017,Bulgaria,BGR,19166
2018,Bulgaria,BGR,19906
2019,Bulgaria,BGR,20438
2020,Bulgaria,BGR,21113
2000,Burkina Faso,BFA,692
2001,Burkina Faso,BFA,457
2002,Burkina Faso,BFA,457
2003,Burkina Faso,BFA,466
2004,Burkina Faso,BFA,494
2005,Burkina Faso,BFA,513
2006,Burkina Faso,BFA,512
2007,Burkina Faso,BFA,535
2008,Burkina Faso,BFA,556
2009,Burkina Faso,BFA,543
2010,Burkina Faso,BFA,530
2011,Burkina Faso,BFA,549
2012,Burkina Faso,BFA,39304
2013,Burkina Faso,BFA,29233
2014,Burkina Faso,BFA,31894
2015,Burkina Faso,BFA,34017
2016,Burkina Faso,BFA,32551
2017,Burkina Faso,BFA,24152
2018,Burkina Faso,BFA,25120
2019,Burkina Faso,BFA,25869
2020,Burkina Faso,BFA,20252
2000,Burundi,BDI,27133
2001,Burundi,BDI,27895
2002,Burundi,BDI,40532
2003,Burundi,BDI,40970
2004,Burundi,BDI,48807
2005,Burundi,BDI,20679
2006,Burundi,BDI,13174
2007,Burundi,BDI,24482
2008,Burundi,BDI,21092
2009,Burundi,BDI,24965
2010,Burundi,BDI,29364
2011,Burundi,BDI,35658
2012,Burundi,BDI,41811
2013,Burundi,BDI,45487
2014,Burundi,BDI,52931
2015,Burundi,BDI,53356
2016,Burundi,BDI,57462
2017,Burundi,BDI,62353
2018,Burundi,BDI,71501
2019,Burundi,BDI,78465
2020,Burundi,BDI,75461
2000,Cambodia,KHM,29
2001,Cambodia,KHM,47
2002,Cambodia,KHM,192
2003,Cambodia,KHM,76
2004,Cambodia,KHM,380
2005,Cambodia,KHM,122
2006,Cambodia,KHM,92
2007,Cambodia,KHM,175
2008,Cambodia,KHM,160
2009,Cambodia,KHM,131
2010,Cambodia,KHM,124
2011,Cambodia,KHM,61
2012,Cambodia,KHM,75
2013,Cambodia,KHM,64
2014,Cambodia,KHM,59
2015,Cambodia,KHM,74
2016,Cambodia,KHM,61
2017,Cambodia,KHM,61
2000,Cameroon,CMR,43680
2001,Cameroon,CMR,41186
2002,Cameroon,CMR,58288
2003,Cameroon,CMR,58583
2004,Cameroon,CMR,58861
2005,Cameroon,CMR,52042
2006,Cameroon,CMR,35083
2007,Cameroon,CMR,60137
2008,Cameroon,CMR,81033
2009,Cameroon,CMR,99950
2010,Cameroon,CMR,104269
2011,Cameroon,CMR,100368
2012,Cameroon,CMR,98961
2013,Cameroon,CMR,114744
2014,Cameroon,CMR,264122
2015,Cameroon,CMR,342970
2016,Cameroon,CMR,375413
2017,Cameroon,CMR,337382
2018,Cameroon,CMR,380327
2019,Cameroon,CMR,406259
2020,Cameroon,CMR,436396
2000,Canada,CAN,126991
2001,Canada,CAN,129227
2002,Canada,CAN,129935
2003,Canada,CAN,133088
2004,Canada,CAN,141402
2005,Canada,CAN,147164
2006,Canada,CAN,151832
2007,Canada,CAN,175728
2008,Canada,CAN,173642
2009,Canada,CAN,169424
2010,Canada,CAN,165544
2011,Canada,CAN,164879
2012,Canada,CAN,163751
2013,Canada,CAN,160347
2014,Canada,CAN,149164
2015,Canada,CAN,135890
2016,Canada,CAN,97322
2017,Canada,CAN,104768
2018,Canada,CAN,114101
2019,Canada,CAN,101757
2020,Canada,CAN,109214
2013,Cayman Islands,CYM,5
2014,Cayman Islands,CYM,5
2015,Cayman Islands,CYM,10
2016,Cayman Islands,CYM,18
2017,Cayman Islands,CYM,29
2018,Cayman Islands,CYM,34
2019,Cayman Islands,CYM,34
2020,Cayman Islands,CYM,38
2000,Central African Republic,CAF,55658
2001,Central African Republic,CAF,49233
2002,Central African Republic,CAF,50720
2003,Central African Republic,CAF,44751
2004,Central African Republic,CAF,25019
2005,Central African Republic,CAF,24564
2006,Central African Republic,CAF,12351
2007,Central African Republic,CAF,7530
2008,Central African Republic,CAF,7423
2009,Central African Republic,CAF,27041
2010,Central African Republic,CAF,21568
2011,Central African Republic,CAF,16737
2012,Central African Republic,CAF,14015
2013,Central African Republic,CAF,14323
2014,Central African Republic,CAF,7692
2015,Central African Republic,CAF,7332
2016,Central African Republic,CAF,12117
2017,Central African Republic,CAF,10033
2018,Central African Republic,CAF,6652
2019,Central African Republic,CAF,7170
2020,Central African Republic,CAF,9083
2000,Chad,TCD,17689
2001,Chad,TCD,12950
2002,Chad,TCD,33455
2003,Chad,TCD,146396
2004,Chad,TCD,259880
2005,Chad,TCD,275412
2006,Chad,TCD,286743
2007,Chad,TCD,294017
2008,Chad,TCD,330510
2009,Chad,TCD,338495
2010,Chad,TCD,347931
2011,Chad,TCD,366491
2012,Chad,TCD,373690
2013,Chad,TCD,434476
2014,Chad,TCD,452897
2015,Chad,TCD,369538
2016,Chad,TCD,391235
2017,Chad,TCD,411475
2018,Chad,TCD,451203
2019,Chad,TCD,442670
2020,Chad,TCD,478649
2000,Chile,CHL,366
2001,Chile,CHL,389
2002,Chile,CHL,414
2003,Chile,CHL,472
2004,Chile,CHL,566
2005,Chile,CHL,807
2006,Chile,CHL,1135
2007,Chile,CHL,1375
2008,Chile,CHL,1607
2009,Chile,CHL,1539
2010,Chile,CHL,1613
2011,Chile,CHL,1669
2012,Chile,CHL,1692
2013,Chile,CHL,1738
2014,Chile,CHL,1764
2015,Chile,CHL,1840
2016,Chile,CHL,1730
2017,Chile,CHL,1861
2018,Chile,CHL,2026
2019,Chile,CHL,2046
2020,Chile,CHL,2053
2000,China,CHN,294109
2001,China,CHN,295321
2002,China,CHN,297273
2003,China,CHN,299347
2004,China,CHN,299367
2005,China,CHN,301039
2006,China,CHN,301024
2007,China,CHN,301075
2008,China,CHN,300966
2009,China,CHN,300985
2010,China,CHN,300984
2011,China,CHN,301016
2012,China,CHN,301037
2013,China,CHN,301045
2014,China,CHN,301052
2015,China,CHN,301044
2016,China,CHN,317254
2017,China,CHN,321714
2018,China,CHN,321758
2019,China,CHN,303379
2020,China,CHN,303405
2000,Colombia,COL,244
2001,Colombia,COL,213
2002,Colombia,COL,208
2003,Colombia,COL,189
2004,Colombia,COL,146
2005,Colombia,COL,152
2006,Colombia,COL,137
2007,Colombia,COL,164
2008,Colombia,COL,165
2009,Colombia,COL,184
2010,Colombia,COL,198
2011,Colombia,COL,208
2012,Colombia,COL,204
2013,Colombia,COL,207
2014,Colombia,COL,198
2015,Colombia,COL,212
2016,Colombia,COL,241
2017,Colombia,COL,260
2018,Colombia,COL,294
2019,Colombia,COL,634
2020,Colombia,COL,957
2000,Comoros,COM,13
2001,Comoros,COM,12
2000,Congo,COG,123190
2001,Congo,COG,119146
2002,Congo,COG,109201
2003,Congo,COG,91362
2004,Congo,COG,68536
2005,Congo,COG,66075
2006,Congo,COG,55788
2007,Congo,COG,38472
2008,Congo,COG,24771
2009,Congo,COG,111403
2010,Congo,COG,133099
2011,Congo,COG,141224
2012,Congo,COG,98446
2013,Congo,COG,51033
2014,Congo,COG,54842
2015,Congo,COG,44952
2016,Congo,COG,46454
2017,Congo,COG,48509
2018,Congo,COG,37491
2019,Congo,COG,25668
2020,Congo,COG,27097
2000,Costa Rica,CRI,5519
2001,Costa Rica,CRI,8104
2002,Costa Rica,CRI,12433
2003,Costa Rica,CRI,13508
2004,Costa Rica,CRI,10413
2005,Costa Rica,CRI,11253
2006,Costa Rica,CRI,11515
2007,Costa Rica,CRI,17176
2008,Costa Rica,CRI,18119
2009,Costa Rica,CRI,19101
2010,Costa Rica,CRI,19486
2011,Costa Rica,CRI,20044
2012,Costa Rica,CRI,20435
2013,Costa Rica,CRI,20554
2014,Costa Rica,CRI,20726
2015,Costa Rica,CRI,3603
2016,Costa Rica,CRI,4162
2017,Costa Rica,CRI,4479
2018,Costa Rica,CRI,4531
2019,Costa Rica,CRI,6204
2020,Costa Rica,CRI,9593
2000,Cote d'Ivoire,CIV,120694
2001,Cote d'Ivoire,CIV,126239
2002,Cote d'Ivoire,CIV,44751
2003,Cote d'Ivoire,CIV,75967
2004,Cote d'Ivoire,CIV,72084
2005,Cote d'Ivoire,CIV,41624
2006,Cote d'Ivoire,CIV,27279
2007,Cote d'Ivoire,CIV,24640
2008,Cote d'Ivoire,CIV,24802
2009,Cote d'Ivoire,CIV,24598
2010,Cote d'Ivoire,CIV,26213
2011,Cote d'Ivoire,CIV,24212
2012,Cote d'Ivoire,CIV,3972
2013,Cote d'Ivoire,CIV,2970
2014,Cote d'Ivoire,CIV,1918
2015,Cote d'Ivoire,CIV,1972
2016,Cote d'Ivoire,CIV,1397
2017,Cote d'Ivoire,CIV,1559
2018,Cote d'Ivoire,CIV,1808
2019,Cote d'Ivoire,CIV,2020
2020,Cote d'Ivoire,CIV,2086
2000,Croatia,HRV,22437
2001,Croatia,HRV,21875
2002,Croatia,HRV,8392
2003,Croatia,HRV,4385
2004,Croatia,HRV,3662
2005,Croatia,HRV,2927
2006,Croatia,HRV,2442
2007,Croatia,HRV,1641
2008,Croatia,HRV,1591
2009,Croatia,HRV,1240
2010,Croatia,HRV,933
2011,Croatia,HRV,818
2012,Croatia,HRV,722
2013,Croatia,HRV,679
2014,Croatia,HRV,724
2015,Croatia,HRV,517
2016,Croatia,HRV,300
2017,Croatia,HRV,508
2018,Croatia,HRV,787
2019,Croatia,HRV,916
2020,Croatia,HRV,956
2000,Cuba,CUB,951
2001,Cuba,CUB,1033
2002,Cuba,CUB,1001
2003,Cuba,CUB,833
2004,Cuba,CUB,791
2005,Cuba,CUB,697
2006,Cuba,CUB,656
2007,Cuba,CUB,617
2008,Cuba,CUB,523
2009,Cuba,CUB,445
2010,Cuba,CUB,406
2011,Cuba,CUB,381
2012,Cuba,CUB,366
2013,Cuba,CUB,377
2014,Cuba,CUB,276
2015,Cuba,CUB,300
2016,Cuba,CUB,312
2017,Cuba,CUB,343
2018,Cuba,CUB,287
2019,Cuba,CUB,233
2020,Cuba,CUB,222
2010,Curacao,CUW,7
2011,Curacao,CUW,6
2012,Curacao,CUW,13
2013,Curacao,CUW,13
2014,Curacao,CUW,34
2015,Curacao,CUW,46
2016,Curacao,CUW,53
2017,Curacao,CUW,74
2018,Curacao,CUW,99
2019,Curacao,CUW,42
2020,Curacao,CUW,68
2000,Cyprus,CYP,73
2001,Cyprus,CYP,84
2002,Cyprus,CYP,171
2003,Cyprus,CYP,339
2004,Cyprus,CYP,525
2005,Cyprus,CYP,700
2006,Cyprus,CYP,926
2007,Cyprus,CYP,1194
2008,Cyprus,CYP,1458
2009,Cyprus,CYP,2888
2010,Cyprus,CYP,3397
2011,Cyprus,CYP,3498
2012,Cyprus,CYP,3627
2013,Cyprus,CYP,3879
2014,Cyprus,CYP,5120
2015,Cyprus,CYP,7062
2016,Cyprus,CYP,8478
2017,Cyprus,CYP,9790
2018,Cyprus,CYP,11002
2019,Cyprus,CYP,12311
2020,Cyprus,CYP,13997
2000,Czechia,CZE,1186
2001,Czechia,CZE,1217
2002,Czechia,CZE,1296
2003,Czechia,CZE,1516
2004,Czechia,CZE,1624
2005,Czechia,CZE,1803
2006,Czechia,CZE,1886
2007,Czechia,CZE,2015
2008,Czechia,CZE,2095
2009,Czechia,CZE,2299
2010,Czechia,CZE,2424
2011,Czechia,CZE,2424
2012,Czechia,CZE,2780
2013,Czechia,CZE,2966
2014,Czechia,CZE,3129
2015,Czechia,CZE,3640
2016,Czechia,CZE,3640
2017,Czechia,CZE,3640
2018,Czechia,CZE,2186
2019,Czechia,CZE,2054
2020,Czechia,CZE,1919
2000,Democratic Republic of Congo,COD,332509
2001,Democratic Republic of Congo,COD,362014
2002,Democratic Republic of Congo,COD,332978
2003,Democratic Republic of Congo,COD,234033
2004,Democratic Republic of Congo,COD,199323
2005,Democratic Republic of Congo,COD,204341
2006,Democratic Republic of Congo,COD,208371
2007,Democratic Republic of Congo,COD,177390
2008,Democratic Republic of Congo,COD,155162
2009,Democratic Republic of Congo,COD,185809
2010,Democratic Republic of Congo,COD,166333
2011,Democratic Republic of Congo,COD,152748
2012,Democratic Republic of Congo,COD,65106
2013,Democratic Republic of Congo,COD,113357
2014,Democratic Republic of Congo,COD,119752
2015,Democratic Republic of Congo,COD,383095
2016,Democratic Republic of Congo,COD,451957
2017,Democratic Republic of Congo,COD,537089
2018,Democratic Republic of Congo,COD,529065
2019,Democratic Republic of Congo,COD,523733
2020,Democratic Republic of Congo,COD,490243
2000,Denmark,DNK,71017
2001,Denmark,DNK,73284
2002,Denmark,DNK,73600
2003,Denmark,DNK,69855
2004,Denmark,DNK,65305
2005,Denmark,DNK,44362
2006,Denmark,DNK,36650
2007,Denmark,DNK,26779
2008,Denmark,DNK,23385
2009,Denmark,DNK,20340
2010,Denmark,DNK,17907
2011,Denmark,DNK,13386
2012,Denmark,DNK,11797
2013,Denmark,DNK,13153
2014,Denmark,DNK,17767
2015,Denmark,DNK,27312
2016,Denmark,DNK,33501
2017,Denmark,DNK,35668
2018,Denmark,DNK,36623
2019,Denmark,DNK,37533
2020,Denmark,DNK,36643
2000,Djibouti,DJI,23238
2001,Djibouti,DJI,23172
2002,Djibouti,DJI,21702
2003,Djibouti,DJI,27034
2004,Djibouti,DJI,18033
2005,Djibouti,DJI,10455
2006,Djibouti,DJI,9257
2007,Djibouti,DJI,6653
2008,Djibouti,DJI,9228
2009,Djibouti,DJI,12106
2010,Djibouti,DJI,15102
2011,Djibouti,DJI,20336
2012,Djibouti,DJI,19136
2013,Djibouti,DJI,20010
2014,Djibouti,DJI,20525
2015,Djibouti,DJI,19369
2016,Djibouti,DJI,17683
2017,Djibouti,DJI,17553
2018,Djibouti,DJI,18293
2019,Djibouti,DJI,19639
2020,Djibouti,DJI,21193
2000,Dominican Republic,DOM,506
2010,Dominican Republic,DOM,600
2011,Dominican Republic,DOM,595
2012,Dominican Republic,DOM,757
2013,Dominican Republic,DOM,721
2014,Dominican Republic,DOM,608
2015,Dominican Republic,DOM,615
2016,Dominican Republic,DOM,593
2017,Dominican Republic,DOM,594
2018,Dominican Republic,DOM,164
2019,Dominican Republic,DOM,164
2020,Dominican Republic,DOM,162
2000,Ecuador,ECU,1598
2001,Ecuador,ECU,1680
2002,Ecuador,ECU,3225
2003,Ecuador,ECU,6367
2004,Ecuador,ECU,8425
2005,Ecuador,ECU,10046
2006,Ecuador,ECU,11767
2007,Ecuador,ECU,264868
2008,Ecuador,ECU,101368
2009,Ecuador,ECU,116532
2010,Ecuador,ECU,121222
2011,Ecuador,ECU,123407
2012,Ecuador,ECU,123793
2013,Ecuador,ECU,123177
2014,Ecuador,ECU,122129
2015,Ecuador,ECU,121511
2016,Ecuador,ECU,102848
2017,Ecuador,ECU,92405
2018,Ecuador,ECU,101550
2019,Ecuador,ECU,104560
2020,Ecuador,ECU,104582
2000,Egypt,EGY,6840
2001,Egypt,EGY,7223
2002,Egypt,EGY,80488
2003,Egypt,EGY,88745
2004,Egypt,EGY,90335
2005,Egypt,EGY,88934
2006,Egypt,EGY,88014
2007,Egypt,EGY,97550
2008,Egypt,EGY,97851
2009,Egypt,EGY,94392
2010,Egypt,EGY,95044
2011,Egypt,EGY,95078
2012,Egypt,EGY,109923
2013,Egypt,EGY,230070
2014,Egypt,EGY,236085
2015,Egypt,EGY,212492
2016,Egypt,EGY,213515
2017,Egypt,EGY,232647
2018,Egypt,EGY,246746
2019,Egypt,EGY,258391
2020,Egypt,EGY,272826
2000,El Salvador,SLV,57
2001,El Salvador,SLV,69
2002,El Salvador,SLV,74
2003,El Salvador,SLV,246
2004,El Salvador,SLV,235
2005,El Salvador,SLV,51
2006,El Salvador,SLV,39
2007,El Salvador,SLV,39
2008,El Salvador,SLV,34
2009,El Salvador,SLV,32
2010,El Salvador,SLV,39
2011,El Salvador,SLV,39
2012,El Salvador,SLV,43
2013,El Salvador,SLV,42
2014,El Salvador,SLV,33
2015,El Salvador,SLV,46
2016,El Salvador,SLV,41
2017,El Salvador,SLV,40
2018,El Salvador,SLV,44
2019,El Salvador,SLV,48
2020,El Salvador,SLV,48
2000,Eritrea,ERI,1984
2001,Eritrea,ERI,2272
2002,Eritrea,ERI,3619
2003,Eritrea,ERI,3890
2004,Eritrea,ERI,4242
2005,Eritrea,ERI,4418
2006,Eritrea,ERI,4621
2007,Eritrea,ERI,5042
2008,Eritrea,ERI,4862
2009,Eritrea,ERI,4751
2010,Eritrea,ERI,4809
2011,Eritrea,ERI,4719
2012,Eritrea,ERI,3600
2013,Eritrea,ERI,3166
2014,Eritrea,ERI,2898
2015,Eritrea,ERI,2549
2016,Eritrea,ERI,2342
2017,Eritrea,ERI,2392
2018,Eritrea,ERI,2252
2019,Eritrea,ERI,199
2020,Eritrea,ERI,201
2001,Estonia,EST,6
2002,Estonia,EST,6
2003,Estonia,EST,6
2004,Estonia,EST,6
2007,Estonia,EST,6
2008,Estonia,EST,16
2009,Estonia,EST,16
2010,Estonia,EST,31
2011,Estonia,EST,34
2012,Estonia,EST,48
2013,Estonia,EST,52
2014,Estonia,EST,82
2015,Estonia,EST,158
2016,Estonia,EST,312
2017,Estonia,EST,405
2018,Estonia,EST,319
2019,Estonia,EST,331
2020,Estonia,EST,277
2000,Eswatini,SWZ,690
2001,Eswatini,SWZ,690
2002,Eswatini,SWZ,653
2003,Eswatini,SWZ,685
2004,Eswatini,SWZ,703
2005,Eswatini,SWZ,763
2006,Eswatini,SWZ,752
2007,Eswatini,SWZ,789
2008,Eswatini,SWZ,775
2009,Eswatini,SWZ,757
2010,Eswatini,SWZ,757
2011,Eswatini,SWZ,757
2012,Eswatini,SWZ,499
2013,Eswatini,SWZ,501
2014,Eswatini,SWZ,511
2015,Eswatini,SWZ,694
2016,Eswatini,SWZ,725
2017,Eswatini,SWZ,790
2018,Eswatini,SWZ,874
2019,Eswatini,SWZ,940
2020,Eswatini,SWZ,945
2000,Ethiopia,ETH,197960
2001,Ethiopia,ETH,152554
2002,Ethiopia,ETH,132939
2003,Ethiopia,ETH,130274
2004,Ethiopia,ETH,115979
2005,Ethiopia,ETH,100813
2006,Ethiopia,ETH,96975
2007,Ethiopia,ETH,85179
2008,Ethiopia,ETH,83573
2009,Ethiopia,ETH,121880
2010,Ethiopia,ETH,154288
2011,Ethiopia,ETH,288839
2012,Ethiopia,ETH,376388
2013,Ethiopia,ETH,433933
2014,Ethiopia,ETH,659520
2015,Ethiopia,ETH,736081
2016,Ethiopia,ETH,791631
2017,Ethiopia,ETH,889412
2018,Ethiopia,ETH,903226
2019,Ethiopia,ETH,733123
2020,Ethiopia,ETH,800454
2011,Fiji,FJI,5
2014,Fiji,FJI,7
2015,Fiji,FJI,7
2016,Fiji,FJI,7
2017,Fiji,FJI,7
2019,Fiji,FJI,12
2020,Fiji,FJI,14
2000,Finland,FIN,13271
2001,Finland,FIN,12726
2002,Finland,FIN,12485
2003,Finland,FIN,10835
2004,Finland,FIN,11309
2005,Finland,FIN,11801
2006,Finland,FIN,11827
2007,Finland,FIN,6201
2008,Finland,FIN,6621
2009,Finland,FIN,7448
2010,Finland,FIN,8721
2011,Finland,FIN,9170
2012,Finland,FIN,9910
2013,Finland,FIN,11242
2014,Finland,FIN,11783
2015,Finland,FIN,12692
2016,Finland,FIN,18402
2017,Finland,FIN,20793
2018,Finland,FIN,22287
2019,Finland,FIN,23458
2020,Finland,FIN,23428
2000,France,FRA,132508
2001,France,FRA,131601
2002,France,FRA,132182
2003,France,FRA,130838
2004,France,FRA,139852
2005,France,FRA,137316
2006,France,FRA,145996
2007,France,FRA,151789
2008,France,FRA,171206
2009,France,FRA,196364
2010,France,FRA,200687
2011,France,FRA,210207
2012,France,FRA,217865
2013,France,FRA,232487
2014,France,FRA,252248
2015,France,FRA,273117
2016,France,FRA,304527
2017,France,FRA,337158
2018,France,FRA,368345
2019,France,FRA,407915
2020,France,FRA,436055
2000,Gabon,GAB,17978
2001,Gabon,GAB,15576
2002,Gabon,GAB,13468
2003,Gabon,GAB,13999
2004,Gabon,GAB,13780
2005,Gabon,GAB,8541
2006,Gabon,GAB,8421
2007,Gabon,GAB,8822
2008,Gabon,GAB,8998
2009,Gabon,GAB,8843
2010,Gabon,GAB,9014
2011,Gabon,GAB,1769
2012,Gabon,GAB,1661
2013,Gabon,GAB,1592
2014,Gabon,GAB,1007
2015,Gabon,GAB,934
2016,Gabon,GAB,926
2017,Gabon,GAB,845
2018,Gabon,GAB,686
2019,Gabon,GAB,454
2020,Gabon,GAB,467
2000,Gambia,GMB,12016
2001,Gambia,GMB,8131
2002,Gambia,GMB,12117
2003,Gambia,GMB,7461
2004,Gambia,GMB,7339
2005,Gambia,GMB,7328
2006,Gambia,GMB,13758
2007,Gambia,GMB,14892
2008,Gambia,GMB,14833
2009,Gambia,GMB,10113
2010,Gambia,GMB,8373
2011,Gambia,GMB,9523
2012,Gambia,GMB,9846
2013,Gambia,GMB,9557
2014,Gambia,GMB,11606
2015,Gambia,GMB,7851
2016,Gambia,GMB,7936
2017,Gambia,GMB,8039
2018,Gambia,GMB,4027
2019,Gambia,GMB,4302
2020,Gambia,GMB,4378
2000,Georgia,GEO,7621
2001,Georgia,GEO,7902
2002,Georgia,GEO,4194
2003,Georgia,GEO,3864
2004,Georgia,GEO,2559
2005,Georgia,GEO,2500
2006,Georgia,GEO,1377
2007,Georgia,GEO,1051
2008,Georgia,GEO,1001
2009,Georgia,GEO,872
2010,Georgia,GEO,638
2011,Georgia,GEO,461
2012,Georgia,GEO,468
2013,Georgia,GEO,847
2014,Georgia,GEO,858
2015,Georgia,GEO,1973
2016,Georgia,GEO,2122
2017,Georgia,GEO,2089
2018,Georgia,GEO,1987
2019,Georgia,GEO,1355
2020,Georgia,GEO,1780
2000,Germany,DEU,906000
2001,Germany,DEU,903000
2002,Germany,DEU,980001
2003,Germany,DEU,960393
2004,Germany,DEU,876614
2005,Germany,DEU,699996
2006,Germany,DEU,605329
2007,Germany,DEU,578866
2008,Germany,DEU,582719
2009,Germany,DEU,593787
2010,Germany,DEU,594250
2011,Germany,DEU,571672
2012,Germany,DEU,589735
2013,Germany,DEU,187545
2014,Germany,DEU,216956
2015,Germany,DEU,316098
2016,Germany,DEU,669468
2017,Germany,DEU,970357
2018,Germany,DEU,1063835
2019,Germany,DEU,1146682
2020,Germany,DEU,1210596
2000,Ghana,GHA,12714
2001,Ghana,GHA,11787
2002,Ghana,GHA,33506
2003,Ghana,GHA,43948
2004,Ghana,GHA,42049
2005,Ghana,GHA,53534
2006,Ghana,GHA,44938
2007,Ghana,GHA,34955
2008,Ghana,GHA,18201
2009,Ghana,GHA,13655
2010,Ghana,GHA,13828
2011,Ghana,GHA,13588
2012,Ghana,GHA,16012
2013,Ghana,GHA,18681
2014,Ghana,GHA,18448
2015,Ghana,GHA,17404
2016,Ghana,GHA,11866
2017,Ghana,GHA,12153
2018,Ghana,GHA,11896
2019,Ghana,GHA,11946
2020,Ghana,GHA,12406
2000,Greece,GRC,6653
2001,Greece,GRC,6927
2002,Greece,GRC,2778
2003,Greece,GRC,2762
2004,Greece,GRC,2479
2005,Greece,GRC,2394
2006,Greece,GRC,2292
2007,Greece,GRC,2228
2008,Greece,GRC,2169
2009,Greece,GRC,1700
2010,Greece,GRC,1443
2011,Greece,GRC,1566
2012,Greece,GRC,2090
2013,Greece,GRC,3468
2014,Greece,GRC,10292
2015,Greece,GRC,24831
2016,Greece,GRC,46411
2017,Greece,GRC,38988
2018,Greece,GRC,61446
2019,Greece,GRC,80454
2020,Greece,GRC,103101
2011,Grenada,GRD,5
2000,Guatemala,GTM,720
2001,Guatemala,GTM,724
2002,Guatemala,GTM,732
2003,Guatemala,GTM,714
2004,Guatemala,GTM,655
2005,Guatemala,GTM,388
2006,Guatemala,GTM,379
2007,Guatemala,GTM,377
2008,Guatemala,GTM,127
2009,Guatemala,GTM,127
2010,Guatemala,GTM,137
2011,Guatemala,GTM,148
2012,Guatemala,GTM,157
2013,Guatemala,GTM,154
2014,Guatemala,GTM,160
2015,Guatemala,GTM,222
2016,Guatemala,GTM,295
2017,Guatemala,GTM,360
2018,Guatemala,GTM,380
2019,Guatemala,GTM,408
2020,Guatemala,GTM,442
2000,Guinea,GIN,427210
2001,Guinea,GIN,178446
2002,Guinea,GIN,182164
2003,Guinea,GIN,184339
2004,Guinea,GIN,139240
2005,Guinea,GIN,63519
2006,Guinea,GIN,31466
2007,Guinea,GIN,25220
2008,Guinea,GIN,21485
2009,Guinea,GIN,15322
2010,Guinea,GIN,14110
2011,Guinea,GIN,16606
2012,Guinea,GIN,10369
2013,Guinea,GIN,8554
2014,Guinea,GIN,8763
2015,Guinea,GIN,8835
2016,Guinea,GIN,5067
2017,Guinea,GIN,5156
2018,Guinea,GIN,4294
2019,Guinea,GIN,4964
2020,Guinea,GIN,6029
2000,Guinea-Bissau,GNB,7587
2001,Guinea-Bissau,GNB,7332
2002,Guinea-Bissau,GNB,7639
2003,Guinea-Bissau,GNB,7552
2004,Guinea-Bissau,GNB,7537
2005,Guinea-Bissau,GNB,7615
2006,Guinea-Bissau,GNB,7801
2007,Guinea-Bissau,GNB,7863
2008,Guinea-Bissau,GNB,7885
2009,Guinea-Bissau,GNB,7897
2010,Guinea-Bissau,GNB,7675
2011,Guinea-Bissau,GNB,7796
2012,Guinea-Bissau,GNB,7780
2013,Guinea-Bissau,GNB,8535
2014,Guinea-Bissau,GNB,8685
2015,Guinea-Bissau,GNB,8685
2016,Guinea-Bissau,GNB,9264
2017,Guinea-Bissau,GNB,11207
2018,Guinea-Bissau,GNB,4853
2019,Guinea-Bissau,GNB,1846
2020,Guinea-Bissau,GNB,1846
2010,Guyana,GUY,7
2011,Guyana,GUY,7
2012,Guyana,GUY,7
2013,Guyana,GUY,12
2014,Guyana,GUY,12
2015,Guyana,GUY,12
2016,Guyana,GUY,12
2017,Guyana,GUY,17
2018,Guyana,GUY,25
2019,Guyana,GUY,14
2020,Guyana,GUY,23
2016,Haiti,HTI,5
2017,Haiti,HTI,5
2018,Haiti,HTI,5
2000,Honduras,HND,12
2001,Honduras,HND,20
2002,Honduras,HND,28
2003,Honduras,HND,23
2004,Honduras,HND,24
2005,Honduras,HND,21
2006,Honduras,HND,21
2007,Honduras,HND,21
2008,Honduras,HND,26
2009,Honduras,HND,18
2010,Honduras,HND,11
2011,Honduras,HND,16
2012,Honduras,HND,16
2013,Honduras,HND,16
2014,Honduras,HND,28
2015,Honduras,HND,28
2016,Honduras,HND,16
2017,Honduras,HND,27
2018,Honduras,HND,28
2019,Honduras,HND,75
2020,Honduras,HND,85
2000,Hong Kong,HKG,980
2001,Hong Kong,HKG,1392
2002,Hong Kong,HKG,1490
2003,Hong Kong,HKG,1899
2004,Hong Kong,HKG,1865
2005,Hong Kong,HKG,1925
2006,Hong Kong,HKG,1932
2007,Hong Kong,HKG,89
2008,Hong Kong,HKG,90
2009,Hong Kong,HKG,78
2010,Hong Kong,HKG,149
2011,Hong Kong,HKG,146
2012,Hong Kong,HKG,105
2013,Hong Kong,HKG,113
2014,Hong Kong,HKG,160
2015,Hong Kong,HKG,109
2016,Hong Kong,HKG,91
2017,Hong Kong,HKG,85
2018,Hong Kong,HKG,128
2019,Hong Kong,HKG,128
2020,Hong Kong,HKG,245
2000,Hungary,HUN,5053
2001,Hungary,HUN,4700
2002,Hungary,HUN,6075
2003,Hungary,HUN,7013
2004,Hungary,HUN,7702
2005,Hungary,HUN,8040
2006,Hungary,HUN,8068
2007,Hungary,HUN,8124
2008,Hungary,HUN,7740
2009,Hungary,HUN,6041
2010,Hungary,HUN,5400
2011,Hungary,HUN,5085
2012,Hungary,HUN,4034
2013,Hungary,HUN,2422
2014,Hungary,HUN,2854
2015,Hungary,HUN,4383
2016,Hungary,HUN,4736
2017,Hungary,HUN,5671
2018,Hungary,HUN,6019
2019,Hungary,HUN,5750
2020,Hungary,HUN,5838
2000,Iceland,ISL,235
2001,Iceland,ISL,204
2002,Iceland,ISL,197
2003,Iceland,ISL,226
2004,Iceland,ISL,226
2005,Iceland,ISL,284
2006,Iceland,ISL,254
2007,Iceland,ISL,41
2008,Iceland,ISL,39
2009,Iceland,ISL,58
2010,Iceland,ISL,72
2011,Iceland,ISL,55
2012,Iceland,ISL,55
2013,Iceland,ISL,72
2014,Iceland,ISL,93
2015,Iceland,ISL,170
2016,Iceland,ISL,245
2017,Iceland,ISL,361
2018,Iceland,ISL,549
2019,Iceland,ISL,894
2020,Iceland,ISL,1460
2000,India,IND,170940
2001,India,IND,169548
2002,India,IND,168853
2003,India,IND,164754
2004,India,IND,162683
2005,India,IND,139284
2006,India,IND,158358
2007,India,IND,161534
2008,India,IND,184539
2009,India,IND,185318
2010,India,IND,184814
2011,India,IND,185118
2012,India,IND,185644
2013,India,IND,188391
2014,India,IND,199931
2015,India,IND,201379
2016,India,IND,197848
2017,India,IND,197142
2018,India,IND,195887
2019,India,IND,195103
2020,India,IND,195373
2000,Indonesia,IDN,122611
2001,Indonesia,IDN,73542
2002,Indonesia,IDN,28593
2003,Indonesia,IDN,230
2004,Indonesia,IDN,164
2005,Indonesia,IDN,82
2006,Indonesia,IDN,291
2007,Indonesia,IDN,306
2008,Indonesia,IDN,360
2009,Indonesia,IDN,794
2010,Indonesia,IDN,808
2011,Indonesia,IDN,1004
2012,Indonesia,IDN,1811
2013,Indonesia,IDN,3195
2014,Indonesia,IDN,4267
2015,Indonesia,IDN,5954
2016,Indonesia,IDN,7824
2017,Indonesia,IDN,9782
2018,Indonesia,IDN,10786
2019,Indonesia,IDN,10287
2020,Indonesia,IDN,10114
2000,Iran,IRN,1868000
2001,Iran,IRN,1868000
2002,Iran,IRN,1306599
2003,Iran,IRN,984895
2004,Iran,IRN,1045975
2005,Iran,IRN,974301
2006,Iran,IRN,968368
2007,Iran,IRN,963544
2008,Iran,IRN,980104
2009,Iran,IRN,1070483
2010,Iran,IRN,1073363
2011,Iran,IRN,886465
2012,Iran,IRN,868239
2013,Iran,IRN,857352
2014,Iran,IRN,982025
2015,Iran,IRN,979435
2016,Iran,IRN,979435
2017,Iran,IRN,979435
2018,Iran,IRN,979435
2019,Iran,IRN,979435
2020,Iran,IRN,800025
2000,Iraq,IRQ,127787
2001,Iraq,IRQ,128142
2002,Iraq,IRQ,134190
2003,Iraq,IRQ,46721
2004,Iraq,IRQ,46053
2005,Iraq,IRQ,50177
2006,Iraq,IRQ,44406
2007,Iraq,IRQ,42352
2008,Iraq,IRQ,39503
2009,Iraq,IRQ,35213
2010,Iraq,IRQ,34647
2011,Iraq,IRQ,35184
2012,Iraq,IRQ,98818
2013,Iraq,IRQ,246294
2014,Iraq,IRQ,271137
2015,Iraq,IRQ,277702
2016,Iraq,IRQ,261863
2017,Iraq,IRQ,277668
2018,Iraq,IRQ,283018
2019,Iraq,IRQ,273986
2020,Iraq,IRQ,270377
2000,Ireland,IRL,2530
2001,Ireland,IRL,3585
2002,Ireland,IRL,5366
2003,Ireland,IRL,5971
2004,Ireland,IRL,6530
2005,Ireland,IRL,7103
2006,Ireland,IRL,7904
2007,Ireland,IRL,9318
2008,Ireland,IRL,9714
2009,Ireland,IRL,9561
2010,Ireland,IRL,9099
2011,Ireland,IRL,8234
2012,Ireland,IRL,6309
2013,Ireland,IRL,5991
2014,Ireland,IRL,5832
2015,Ireland,IRL,6108
2016,Ireland,IRL,5720
2017,Ireland,IRL,6394
2018,Ireland,IRL,6012
2019,Ireland,IRL,7795
2020,Ireland,IRL,9035
2000,Israel,ISR,4067
2001,Israel,ISR,4159
2002,Israel,ISR,4170
2003,Israel,ISR,4170
2004,Israel,ISR,564
2005,Israel,ISR,598
2006,Israel,ISR,829
2007,Israel,ISR,1150
2008,Israel,ISR,9125
2009,Israel,ISR,17725
2010,Israel,ISR,25462
2011,Israel,ISR,41221
2012,Israel,ISR,48490
2013,Israel,ISR,48182
2014,Israel,ISR,39698
2015,Israel,ISR,32929
2016,Israel,ISR,30529
2017,Israel,ISR,25657
2018,Israel,ISR,18554
2019,Israel,ISR,16107
2020,Israel,ISR,1843
2000,Italy,ITA,6813
2001,Italy,ITA,8541
2002,Italy,ITA,10031
2003,Italy,ITA,12812
2004,Italy,ITA,15668
2005,Italy,ITA,20674
2006,Italy,ITA,26870
2007,Italy,ITA,38061
2008,Italy,ITA,47059
2009,Italy,ITA,54962
2010,Italy,ITA,56402
2011,Italy,ITA,58066
2012,Italy,ITA,64782
2013,Italy,ITA,76248
2014,Italy,ITA,93712
2015,Italy,ITA,118036
2016,Italy,ITA,147362
2017,Italy,ITA,167330
2018,Italy,ITA,189227
2019,Italy,ITA,207602
2020,Italy,ITA,128033
2000,Jamaica,JAM,33
2009,Jamaica,JAM,24
2010,Jamaica,JAM,19
2011,Jamaica,JAM,19
2012,Jamaica,JAM,19
2013,Jamaica,JAM,18
2014,Jamaica,JAM,23
2015,Jamaica,JAM,13
2016,Jamaica,JAM,13
2017,Jamaica,JAM,13
2018,Jamaica,JAM,13
2020,Jamaica,JAM,27
2000,Japan,JPN,3752
2001,Japan,JPN,3198
2002,Japan,JPN,2658
2003,Japan,JPN,2266
2004,Japan,JPN,1967
2005,Japan,JPN,1940
2006,Japan,JPN,1842
2007,Japan,JPN,1792
2008,Japan,JPN,2016
2009,Japan,JPN,2331
2010,Japan,JPN,2583
2011,Japan,JPN,2645
2012,Japan,JPN,2579
2013,Japan,JPN,2586
2014,Japan,JPN,2562
2015,Japan,JPN,2479
2016,Japan,JPN,2512
2017,Japan,JPN,2189
2018,Japan,JPN,1893
2019,Japan,JPN,1463
2020,Japan,JPN,1132
2000,Jordan,JOR,1610630
2001,Jordan,JOR,1663289
2002,Jordan,JOR,1699469
2003,Jordan,JOR,1741365
2004,Jordan,JOR,1777765
2005,Jordan,JOR,1828839
2006,Jordan,JOR,2358587
2007,Jordan,JOR,2403763
2008,Jordan,JOR,2452009
2009,Jordan,JOR,2434485
2010,Jordan,JOR,2393339
2011,Jordan,JOR,2430580
2012,Jordan,JOR,2337341
2013,Jordan,JOR,2712877
2014,Jordan,JOR,2771492
2015,Jordan,JOR,2808343
2016,Jordan,JOR,2860679
2017,Jordan,JOR,2897751
2018,Jordan,JOR,2957877
2019,Jordan,JOR,2966079
2020,Jordan,JOR,3009472
2000,Kazakhstan,KAZ,20576
2001,Kazakhstan,KAZ,19529
2002,Kazakhstan,KAZ,20610
2003,Kazakhstan,KAZ,15830
2004,Kazakhstan,KAZ,15845
2005,Kazakhstan,KAZ,7264
2006,Kazakhstan,KAZ,4413
2007,Kazakhstan,KAZ,4283
2008,Kazakhstan,KAZ,4349
2009,Kazakhstan,KAZ,4334
2010,Kazakhstan,KAZ,4403
2011,Kazakhstan,KAZ,613
2012,Kazakhstan,KAZ,561
2013,Kazakhstan,KAZ,580
2014,Kazakhstan,KAZ,628
2015,Kazakhstan,KAZ,701
2016,Kazakhstan,KAZ,647
2017,Kazakhstan,KAZ,602
2018,Kazakhstan,KAZ,568
2019,Kazakhstan,KAZ,518
2020,Kazakhstan,KAZ,440
2000,Kenya,KEN,206108
2001,Kenya,KEN,239221
2002,Kenya,KEN,233671
2003,Kenya,KEN,237509
2004,Kenya,KEN,239833
2005,Kenya,KEN,251268
2006,Kenya,KEN,272529
2007,Kenya,KEN,265729
2008,Kenya,KEN,320598
2009,Kenya,KEN,358916
2010,Kenya,KEN,402891
2011,Kenya,KEN,566482
2012,Kenya,KEN,564921
2013,Kenya,KEN,534935
2014,Kenya,KEN,551351
2015,Kenya,KEN,553907
2016,Kenya,KEN,451097
2017,Kenya,KEN,431895
2018,Kenya,KEN,421243
2019,Kenya,KEN,438899
2020,Kenya,KEN,452916
2000,Kuwait,KWT,2776
2001,Kuwait,KWT,1255
2002,Kuwait,KWT,1521
2003,Kuwait,KWT,1518
2004,Kuwait,KWT,1519
2005,Kuwait,KWT,1523
2006,Kuwait,KWT,49
2007,Kuwait,KWT,38158
2008,Kuwait,KWT,38237
2009,Kuwait,KWT,222
2010,Kuwait,KWT,185
2011,Kuwait,KWT,336
2012,Kuwait,KWT,676
2013,Kuwait,KWT,633
2014,Kuwait,KWT,611
2015,Kuwait,KWT,736
2016,Kuwait,KWT,935
2017,Kuwait,KWT,613
2018,Kuwait,KWT,671
2019,Kuwait,KWT,686
2020,Kuwait,KWT,732
2000,Kyrgyzstan,KGZ,10609
2001,Kyrgyzstan,KGZ,9295
2002,Kyrgyzstan,KGZ,7705
2003,Kyrgyzstan,KGZ,5592
2004,Kyrgyzstan,KGZ,3756
2005,Kyrgyzstan,KGZ,2599
2006,Kyrgyzstan,KGZ,361
2007,Kyrgyzstan,KGZ,722
2008,Kyrgyzstan,KGZ,374
2009,Kyrgyzstan,KGZ,422
2010,Kyrgyzstan,KGZ,2462
2011,Kyrgyzstan,KGZ,6097
2012,Kyrgyzstan,KGZ,4940
2013,Kyrgyzstan,KGZ,468
2014,Kyrgyzstan,KGZ,484
2015,Kyrgyzstan,KGZ,349
2016,Kyrgyzstan,KGZ,334
2017,Kyrgyzstan,KGZ,334
2018,Kyrgyzstan,KGZ,329
2019,Kyrgyzstan,KGZ,347
2020,Kyrgyzstan,KGZ,334
2000,Latvia,LVA,5
2001,Latvia,LVA,5
2002,Latvia,LVA,5
2003,Latvia,LVA,16
2004,Latvia,LVA,10
2005,Latvia,LVA,10
2006,Latvia,LVA,22
2007,Latvia,LVA,27
2008,Latvia,LVA,27
2009,Latvia,LVA,40
2010,Latvia,LVA,60
2011,Latvia,LVA,88
2012,Latvia,LVA,113
2013,Latvia,LVA,149
2014,Latvia,LVA,168
2015,Latvia,LVA,193
2016,Latvia,LVA,340
2017,Latvia,LVA,653
2018,Latvia,LVA,664
2019,Latvia,LVA,665
2020,Latvia,LVA,637
2000,Lebanon,LBN,382744
2001,Lebanon,LBN,387734
2002,Lebanon,LBN,392059
2003,Lebanon,LBN,397051
2004,Lebanon,LBN,400905
2005,Lebanon,LBN,405248
2006,Lebanon,LBN,428602
2007,Lebanon,LBN,464292
2008,Lebanon,LBN,472601
2009,Lebanon,LBN,476038
2010,Lebanon,LBN,438123
2011,Lebanon,LBN,445125
2012,Lebanon,LBN,575456
2013,Lebanon,LBN,1303867
2014,Lebanon,LBN,1606698
2015,Lebanon,LBN,1529213
2016,Lebanon,LBN,1476623
2017,Lebanon,LBN,1468431
2018,Lebanon,LBN,1424728
2019,Lebanon,LBN,1392174
2020,Lebanon,LBN,1349925
2001,Lesotho,LSO,39
2011,Lesotho,LSO,38
2012,Lesotho,LSO,33
2013,Lesotho,LSO,29
2014,Lesotho,LSO,43
2015,Lesotho,LSO,31
2016,Lesotho,LSO,46
2017,Lesotho,LSO,55
2018,Lesotho,LSO,56
2019,Lesotho,LSO,143
2020,Lesotho,LSO,271
2000,Liberia,LBR,69307
2001,Liberia,LBR,54753
2002,Liberia,LBR,64946
2003,Liberia,LBR,33992
2004,Liberia,LBR,15168
2005,Liberia,LBR,10161
2006,Liberia,LBR,16179
2007,Liberia,LBR,10456
2008,Liberia,LBR,10216
2009,Liberia,LBR,6943
2010,Liberia,LBR,24735
2011,Liberia,LBR,128283
2012,Liberia,LBR,65899
2013,Liberia,LBR,53243
2014,Liberia,LBR,38586
2015,Liberia,LBR,36495
2016,Liberia,LBR,18978
2017,Liberia,LBR,11109
2018,Liberia,LBR,9103
2019,Liberia,LBR,8225
2020,Liberia,LBR,8213
2000,Libya,LBY,11541
2001,Libya,LBY,11662
2002,Libya,LBY,11666
2003,Libya,LBY,11899
2004,Libya,LBY,12164
2005,Libya,LBY,12164
2006,Libya,LBY,2760
2007,Libya,LBY,4090
2008,Libya,LBY,6713
2009,Libya,LBY,9000
2010,Libya,LBY,7922
2011,Libya,LBY,10129
2012,Libya,LBY,7065
2013,Libya,LBY,25561
2014,Libya,LBY,27964
2015,Libya,LBY,9305
2016,Libya,LBY,9311
2017,Libya,LBY,9352
2018,Libya,LBY,8792
2019,Libya,LBY,4730
2020,Libya,LBY,4149
2000,Liechtenstein,LIE,70
2001,Liechtenstein,LIE,140
2002,Liechtenstein,LIE,126
2003,Liechtenstein,LIE,147
2004,Liechtenstein,LIE,147
2005,Liechtenstein,LIE,148
2006,Liechtenstein,LIE,274
2007,Liechtenstein,LIE,278
2008,Liechtenstein,LIE,84
2009,Liechtenstein,LIE,86
2010,Liechtenstein,LIE,86
2011,Liechtenstein,LIE,88
2012,Liechtenstein,LIE,103
2013,Liechtenstein,LIE,96
2014,Liechtenstein,LIE,102
2015,Liechtenstein,LIE,146
2016,Liechtenstein,LIE,161
2017,Liechtenstein,LIE,164
2018,Liechtenstein,LIE,166
2019,Liechtenstein,LIE,125
2020,Liechtenstein,LIE,129
2000,Lithuania,LTU,48
2001,Lithuania,LTU,283
2002,Lithuania,LTU,363
2003,Lithuania,LTU,399
2004,Lithuania,LTU,469
2005,Lithuania,LTU,527
2006,Lithuania,LTU,527
2007,Lithuania,LTU,688
2008,Lithuania,LTU,749
2009,Lithuania,LTU,790
2010,Lithuania,LTU,808
2011,Lithuania,LTU,824
2012,Lithuania,LTU,871
2013,Lithuania,LTU,918
2014,Lithuania,LTU,1007
2015,Lithuania,LTU,1094
2016,Lithuania,LTU,1284
2017,Lithuania,LTU,1577
2018,Lithuania,LTU,1731
2019,Lithuania,LTU,1822
2020,Lithuania,LTU,1880
2000,Luxembourg,LUX,759
2001,Luxembourg,LUX,1201
2002,Luxembourg,LUX,1201
2003,Luxembourg,LUX,1201
2004,Luxembourg,LUX,1590
2005,Luxembourg,LUX,1822
2006,Luxembourg,LUX,2206
2007,Luxembourg,LUX,2737
2008,Luxembourg,LUX,3109
2009,Luxembourg,LUX,3230
2010,Luxembourg,LUX,3254
2011,Luxembourg,LUX,2855
2012,Luxembourg,LUX,2910
2013,Luxembourg,LUX,901
2014,Luxembourg,LUX,1091
2015,Luxembourg,LUX,1306
2016,Luxembourg,LUX,2020
2017,Luxembourg,LUX,2020
2018,Luxembourg,LUX,2020
2019,Luxembourg,LUX,2548
2020,Luxembourg,LUX,5158
2009,Macao,MAC,6
2000,Madagascar,MDG,50
2001,Madagascar,MDG,34
2011,Madagascar,MDG,5
2012,Madagascar,MDG,5
2013,Madagascar,MDG,11
2014,Madagascar,MDG,11
2015,Madagascar,MDG,6
2016,Madagascar,MDG,22
2017,Madagascar,MDG,39
2018,Madagascar,MDG,39
2019,Madagascar,MDG,113
2020,Madagascar,MDG,112
2000,Malawi,MWI,3900
2001,Malawi,MWI,6200
2002,Malawi,MWI,2170
2003,Malawi,MWI,3208
2004,Malawi,MWI,3682
2005,Malawi,MWI,4241
2006,Malawi,MWI,3943
2007,Malawi,MWI,2927
2008,Malawi,MWI,4174
2009,Malawi,MWI,5436
2010,Malawi,MWI,5738
2011,Malawi,MWI,6306
2012,Malawi,MWI,6546
2013,Malawi,MWI,5794
2014,Malawi,MWI,5871
2015,Malawi,MWI,9018
2016,Malawi,MWI,9386
2017,Malawi,MWI,8977
2018,Malawi,MWI,13783
2019,Malawi,MWI,14087
2020,Malawi,MWI,14892
2000,Malaysia,MYS,50477
2001,Malaysia,MYS,50456
2002,Malaysia,MYS,50614
2003,Malaysia,MYS,7422
2004,Malaysia,MYS,24900
2005,Malaysia,MYS,33684
2006,Malaysia,MYS,37158
2007,Malaysia,MYS,32657
2008,Malaysia,MYS,36668
2009,Malaysia,MYS,66126
2010,Malaysia,MYS,81518
2011,Malaysia,MYS,86676
2012,Malaysia,MYS,90173
2013,Malaysia,MYS,97502
2014,Malaysia,MYS,99362
2015,Malaysia,MYS,94158
2016,Malaysia,MYS,92256
2017,Malaysia,MYS,103837
2018,Malaysia,MYS,121305
2019,Malaysia,MYS,129102
2020,Malaysia,MYS,129902
2000,Mali,MLI,8412
2001,Mali,MLI,8439
2002,Mali,MLI,9093
2003,Mali,MLI,10010
2004,Mali,MLI,11256
2005,Mali,MLI,11232
2006,Mali,MLI,10584
2007,Mali,MLI,9202
2008,Mali,MLI,9574
2009,Mali,MLI,13532
2010,Mali,MLI,13552
2011,Mali,MLI,15618
2012,Mali,MLI,13930
2013,Mali,MLI,14317
2014,Mali,MLI,15193
2015,Mali,MLI,15913
2016,Mali,MLI,17510
2017,Mali,MLI,17036
2018,Mali,MLI,26538
2019,Mali,MLI,26672
2020,Mali,MLI,47380
2000,Malta,MLT,191
2001,Malta,MLT,175
2002,Malta,MLT,311
2003,Malta,MLT,894
2004,Malta,MLT,1561
2005,Malta,MLT,1942
2006,Malta,MLT,2407
2007,Malta,MLT,3003
2008,Malta,MLT,4329
2009,Malta,MLT,5951
2010,Malta,MLT,6143
2011,Malta,MLT,6948
2012,Malta,MLT,8242
2013,Malta,MLT,9900
2014,Malta,MLT,6095
2015,Malta,MLT,7068
2016,Malta,MLT,7941
2017,Malta,MLT,7994
2018,Malta,MLT,8579
2019,Malta,MLT,8908
2020,Malta,MLT,9168
2000,Mauritania,MRT,350
2001,Mauritania,MRT,363
2002,Mauritania,MRT,398
2003,Mauritania,MRT,475
2004,Mauritania,MRT,473
2005,Mauritania,MRT,627
2006,Mauritania,MRT,771
2007,Mauritania,MRT,30465
2008,Mauritania,MRT,27036
2009,Mauritania,MRT,26789
2010,Mauritania,MRT,26709
2011,Mauritania,MRT,26535
2012,Mauritania,MRT,80500
2013,Mauritania,MRT,92766
2014,Mauritania,MRT,75628
2015,Mauritania,MRT,77390
2016,Mauritania,MRT,74146
2017,Mauritania,MRT,77424
2018,Mauritania,MRT,83183
2019,Mauritania,MRT,84900
2020,Mauritania,MRT,93607
2001,Mauritius,MUS,14
2017,Mauritius,MUS,5
2018,Mauritius,MUS,16
2019,Mauritius,MUS,20
2020,Mauritius,MUS,20
2000,Mexico,MEX,18452
2001,Mexico,MEX,15452
2002,Mexico,MEX,12953
2003,Mexico,MEX,6068
2004,Mexico,MEX,4336
2005,Mexico,MEX,3212
2006,Mexico,MEX,3309
2007,Mexico,MEX,1603
2008,Mexico,MEX,1038
2009,Mexico,MEX,1215
2010,Mexico,MEX,1364
2011,Mexico,MEX,1647
2012,Mexico,MEX,1501
2013,Mexico,MEX,1814
2014,Mexico,MEX,1820
2015,Mexico,MEX,2904
2016,Mexico,MEX,6178
2017,Mexico,MEX,8993
2018,Mexico,MEX,16530
2019,Mexico,MEX,28517
2020,Mexico,MEX,45434
2015,Micronesia (country),FSM,5
2016,Micronesia (country),FSM,5
2000,Moldova,MDA,64
2001,Moldova,MDA,156
2002,Moldova,MDA,172
2003,Moldova,MDA,97
2004,Moldova,MDA,51
2005,Moldova,MDA,79
2006,Moldova,MDA,157
2007,Moldova,MDA,140
2008,Moldova,MDA,135
2009,Moldova,MDA,131
2010,Moldova,MDA,132
2011,Moldova,MDA,131
2012,Moldova,MDA,176
2013,Moldova,MDA,237
2014,Moldova,MDA,323
2015,Moldova,MDA,434
2016,Moldova,MDA,419
2017,Moldova,MDA,391
2018,Moldova,MDA,409
2019,Moldova,MDA,417
2020,Moldova,MDA,405
2011,Monaco,MCO,37
2012,Monaco,MCO,37
2013,Monaco,MCO,34
2014,Monaco,MCO,33
2015,Monaco,MCO,32
2016,Monaco,MCO,27
2017,Monaco,MCO,25
2018,Monaco,MCO,25
2019,Monaco,MCO,22
2020,Monaco,MCO,22
2006,Mongolia,MNG,5
2007,Mongolia,MNG,5
2008,Mongolia,MNG,11
2009,Mongolia,MNG,11
2010,Mongolia,MNG,12
2012,Mongolia,MNG,5
2013,Mongolia,MNG,8
2014,Mongolia,MNG,5
2015,Mongolia,MNG,11
2016,Mongolia,MNG,10
2017,Mongolia,MNG,5
2018,Mongolia,MNG,5
2006,Montenegro,MNE,6926
2007,Montenegro,MNE,8527
2008,Montenegro,MNE,24739
2009,Montenegro,MNE,24017
2010,Montenegro,MNE,16363
2011,Montenegro,MNE,12871
2012,Montenegro,MNE,11193
2013,Montenegro,MNE,8471
2014,Montenegro,MNE,6455
2015,Montenegro,MNE,1762
2016,Montenegro,MNE,970
2017,Montenegro,MNE,794
2018,Montenegro,MNE,727
2019,Montenegro,MNE,653
2020,Montenegro,MNE,166
2000,Morocco,MAR,2107
2001,Morocco,MAR,2093
2002,Morocco,MAR,2127
2003,Morocco,MAR,2119
2004,Morocco,MAR,189
2005,Morocco,MAR,210
2006,Morocco,MAR,495
2007,Morocco,MAR,779
2008,Morocco,MAR,768
2009,Morocco,MAR,776
2010,Morocco,MAR,798
2011,Morocco,MAR,736
2012,Morocco,MAR,745
2013,Morocco,MAR,1458
2014,Morocco,MAR,1205
2015,Morocco,MAR,3899
2016,Morocco,MAR,4762
2017,Morocco,MAR,4703
2018,Morocco,MAR,5932
2019,Morocco,MAR,6642
2020,Morocco,MAR,6505
2000,Mozambique,MOZ,206
2001,Mozambique,MOZ,206
2002,Mozambique,MOZ,206
2003,Mozambique,MOZ,309
2004,Mozambique,MOZ,617
2005,Mozambique,MOZ,1949
2006,Mozambique,MOZ,2555
2007,Mozambique,MOZ,2760
2008,Mozambique,MOZ,3156
2009,Mozambique,MOZ,3536
2010,Mozambique,MOZ,4072
2011,Mozambique,MOZ,4074
2012,Mozambique,MOZ,4395
2013,Mozambique,MOZ,4443
2014,Mozambique,MOZ,4534
2015,Mozambique,MOZ,5624
2016,Mozambique,MOZ,4663
2017,Mozambique,MOZ,4876
2018,Mozambique,MOZ,4910
2019,Mozambique,MOZ,4713
2020,Mozambique,MOZ,4757
2000,Namibia,NAM,27263
2001,Namibia,NAM,30886
2002,Namibia,NAM,21649
2003,Namibia,NAM,19800
2004,Namibia,NAM,14773
2005,Namibia,NAM,5297
2006,Namibia,NAM,5454
2007,Namibia,NAM,6522
2008,Namibia,NAM,6794
2009,Namibia,NAM,7160
2010,Namibia,NAM,7249
2011,Namibia,NAM,6050
2012,Namibia,NAM,1808
2013,Namibia,NAM,2330
2014,Namibia,NAM,1765
2015,Namibia,NAM,1730
2016,Namibia,NAM,1747
2017,Namibia,NAM,2182
2018,Namibia,NAM,2394
2019,Namibia,NAM,3182
2020,Namibia,NAM,3578
2014,Nauru,NRU,386
2015,Nauru,NRU,508
2016,Nauru,NRU,508
2017,Nauru,NRU,964
2018,Nauru,NRU,964
2019,Nauru,NRU,755
2020,Nauru,NRU,1074
2000,Nepal,NPL,129234
2001,Nepal,NPL,130945
2002,Nepal,NPL,132432
2003,Nepal,NPL,123662
2004,Nepal,NPL,124920
2005,Nepal,NPL,126432
2006,Nepal,NPL,128172
2007,Nepal,NPL,130678
2008,Nepal,NPL,124826
2009,Nepal,NPL,108457
2010,Nepal,NPL,89804
2011,Nepal,NPL,72651
2012,Nepal,NPL,56263
2013,Nepal,NPL,46303
2014,Nepal,NPL,38490
2015,Nepal,NPL,32669
2016,Nepal,NPL,25249
2017,Nepal,NPL,21467
2018,Nepal,NPL,20804
2019,Nepal,NPL,19570
2020,Nepal,NPL,19555
2000,Netherlands,NLD,146174
2001,Netherlands,NLD,151919
2002,Netherlands,NLD,148349
2003,Netherlands,NLD,140877
2004,Netherlands,NLD,126792
2005,Netherlands,NLD,118172
2006,Netherlands,NLD,100565
2007,Netherlands,NLD,86576
2008,Netherlands,NLD,77589
2009,Netherlands,NLD,75996
2010,Netherlands,NLD,74948
2011,Netherlands,NLD,74587
2012,Netherlands,NLD,71893
2013,Netherlands,NLD,74700
2014,Netherlands,NLD,82483
2015,Netherlands,NLD,88518
2016,Netherlands,NLD,101727
2017,Netherlands,NLD,103843
2018,Netherlands,NLD,101824
2019,Netherlands,NLD,94417
2020,Netherlands,NLD,95897
2000,New Zealand,NZL,4919
2001,New Zealand,NZL,5251
2002,New Zealand,NZL,5760
2003,New Zealand,NZL,5796
2004,New Zealand,NZL,5334
2005,New Zealand,NZL,5298
2006,New Zealand,NZL,4878
2007,New Zealand,NZL,2715
2008,New Zealand,NZL,2702
2009,New Zealand,NZL,3285
2010,New Zealand,NZL,2298
2011,New Zealand,NZL,1916
2012,New Zealand,NZL,1504
2013,New Zealand,NZL,1388
2014,New Zealand,NZL,1342
2015,New Zealand,NZL,1313
2016,New Zealand,NZL,1408
2017,New Zealand,NZL,1465
2018,New Zealand,NZL,1545
2019,New Zealand,NZL,1709
2020,New Zealand,NZL,1748
2000,Nicaragua,NIC,330
2001,Nicaragua,NIC,322
2002,Nicaragua,NIC,324
2003,Nicaragua,NIC,300
2004,Nicaragua,NIC,288
2005,Nicaragua,NIC,222
2006,Nicaragua,NIC,195
2007,Nicaragua,NIC,182
2008,Nicaragua,NIC,142
2009,Nicaragua,NIC,115
2010,Nicaragua,NIC,59
2011,Nicaragua,NIC,80
2012,Nicaragua,NIC,124
2013,Nicaragua,NIC,184
2014,Nicaragua,NIC,273
2015,Nicaragua,NIC,325
2016,Nicaragua,NIC,325
2017,Nicaragua,NIC,322
2018,Nicaragua,NIC,321
2019,Nicaragua,NIC,322
2020,Nicaragua,NIC,311
2000,Niger,NER,59
2001,Niger,NER,79
2002,Niger,NER,296
2003,Niger,NER,333
2004,Niger,NER,342
2005,Niger,NER,297
2006,Niger,NER,312
2007,Niger,NER,318
2008,Niger,NER,316
2009,Niger,NER,326
2010,Niger,NER,315
2011,Niger,NER,301
2012,Niger,NER,50509
2013,Niger,NER,57657
2014,Niger,NER,77826
2015,Niger,NER,124717
2016,Niger,NER,166089
2017,Niger,NER,165729
2018,Niger,NER,175413
2019,Niger,NER,179997
2020,Niger,NER,233293
2000,Nigeria,NGA,7271
2001,Nigeria,NGA,7201
2002,Nigeria,NGA,7353
2003,Nigeria,NGA,9173
2004,Nigeria,NGA,8395
2005,Nigeria,NGA,9017
2006,Nigeria,NGA,8761
2007,Nigeria,NGA,8463
2008,Nigeria,NGA,10127
2009,Nigeria,NGA,9129
2010,Nigeria,NGA,8744
2011,Nigeria,NGA,8803
2012,Nigeria,NGA,3151
2013,Nigeria,NGA,1688
2014,Nigeria,NGA,1237
2015,Nigeria,NGA,1387
2016,Nigeria,NGA,1357
2017,Nigeria,NGA,1910
2018,Nigeria,NGA,34727
2019,Nigeria,NGA,54157
2020,Nigeria,NGA,66056
2000,North Macedonia,MKD,9048
2001,North Macedonia,MKD,4362
2002,North Macedonia,MKD,2815
2003,North Macedonia,MKD,191
2004,North Macedonia,MKD,1003
2005,North Macedonia,MKD,1273
2006,North Macedonia,MKD,1239
2007,North Macedonia,MKD,1234
2008,North Macedonia,MKD,1671
2009,North Macedonia,MKD,1541
2010,North Macedonia,MKD,1397
2011,North Macedonia,MKD,1129
2012,North Macedonia,MKD,1076
2013,North Macedonia,MKD,980
2014,North Macedonia,MKD,880
2015,North Macedonia,MKD,697
2016,North Macedonia,MKD,634
2017,North Macedonia,MKD,414
2018,North Macedonia,MKD,413
2019,North Macedonia,MKD,354
2020,North Macedonia,MKD,303
2000,Norway,NOR,47700
2001,Norway,NOR,50122
2002,Norway,NOR,50421
2003,Norway,NOR,46107
2004,Norway,NOR,44031
2005,Norway,NOR,43015
2006,Norway,NOR,43315
2007,Norway,NOR,34499
2008,Norway,NOR,36076
2009,Norway,NOR,37806
2010,Norway,NOR,40245
2011,Norway,NOR,40671
2012,Norway,NOR,42805
2013,Norway,NOR,46088
2014,Norway,NOR,47025
2015,Norway,NOR,50377
2016,Norway,NOR,59512
2017,Norway,NOR,59230
2018,Norway,NOR,57004
2019,Norway,NOR,53882
2020,Norway,NOR,49653
2004,Oman,OMN,7
2005,Oman,OMN,7
2006,Oman,OMN,7
2007,Oman,OMN,7
2008,Oman,OMN,7
2009,Oman,OMN,26
2010,Oman,OMN,78
2011,Oman,OMN,83
2012,Oman,OMN,138
2013,Oman,OMN,138
2014,Oman,OMN,150
2015,Oman,OMN,244
2016,Oman,OMN,316
2017,Oman,OMN,308
2018,Oman,OMN,310
2019,Oman,OMN,308
2020,Oman,OMN,308
2000,Pakistan,PAK,2001460
2001,Pakistan,PAK,2198792
2002,Pakistan,PAK,1227429
2003,Pakistan,PAK,1124295
2004,Pakistan,PAK,1290980
2005,Pakistan,PAK,1084689
2006,Pakistan,PAK,1044464
2007,Pakistan,PAK,2035025
2008,Pakistan,PAK,1780935
2009,Pakistan,PAK,1740709
2010,Pakistan,PAK,1900619
2011,Pakistan,PAK,1702698
2012,Pakistan,PAK,1638452
2013,Pakistan,PAK,1616505
2014,Pakistan,PAK,1505521
2015,Pakistan,PAK,1561157
2016,Pakistan,PAK,1352551
2017,Pakistan,PAK,1393132
2018,Pakistan,PAK,1404008
2019,Pakistan,PAK,1419596
2020,Pakistan,PAK,1438940
2009,Palau,PLW,11
2000,Panama,PAN,1307
2001,Panama,PAN,1471
2002,Panama,PAN,1565
2003,Panama,PAN,1436
2004,Panama,PAN,1596
2005,Panama,PAN,1717
2006,Panama,PAN,1835
2007,Panama,PAN,16877
2008,Panama,PAN,16906
2009,Panama,PAN,16917
2010,Panama,PAN,17066
2011,Panama,PAN,17249
2012,Panama,PAN,17414
2013,Panama,PAN,17650
2014,Panama,PAN,17256
2015,Panama,PAN,17304
2016,Panama,PAN,17332
2017,Panama,PAN,2417
2018,Panama,PAN,2501
2019,Panama,PAN,2536
2020,Panama,PAN,2562
2000,Papua New Guinea,PNG,5862
2001,Papua New Guinea,PNG,4941
2002,Papua New Guinea,PNG,4941
2003,Papua New Guinea,PNG,7491
2004,Papua New Guinea,PNG,7626
2005,Papua New Guinea,PNG,10001
2006,Papua New Guinea,PNG,10182
2007,Papua New Guinea,PNG,10000
2008,Papua New Guinea,PNG,10005
2009,Papua New Guinea,PNG,9704
2010,Papua New Guinea,PNG,9699
2011,Papua New Guinea,PNG,9378
2012,Papua New Guinea,PNG,9378
2013,Papua New Guinea,PNG,9373
2014,Papua New Guinea,PNG,9503
2015,Papua New Guinea,PNG,9503
2016,Papua New Guinea,PNG,9529
2017,Papua New Guinea,PNG,10018
2018,Papua New Guinea,PNG,10022
2019,Papua New Guinea,PNG,9698
2020,Papua New Guinea,PNG,10781
2000,Paraguay,PRY,19
2001,Paraguay,PRY,19
2002,Paraguay,PRY,19
2003,Paraguay,PRY,25
2004,Paraguay,PRY,40
2005,Paraguay,PRY,46
2006,Paraguay,PRY,55
2007,Paraguay,PRY,57
2008,Paraguay,PRY,70
2009,Paraguay,PRY,85
2010,Paraguay,PRY,103
2011,Paraguay,PRY,120
2012,Paraguay,PRY,129
2013,Paraguay,PRY,132
2014,Paraguay,PRY,149
2015,Paraguay,PRY,167
2016,Paraguay,PRY,199
2017,Paraguay,PRY,200
2018,Paraguay,PRY,260
2019,Paraguay,PRY,1014
2020,Paraguay,PRY,1686
2000,Peru,PER,686
2001,Peru,PER,681
2002,Peru,PER,679
2003,Peru,PER,710
2004,Peru,PER,757
2005,Peru,PER,835
2006,Peru,PER,897
2007,Peru,PER,981
2008,Peru,PER,1060
2009,Peru,PER,1092
2010,Peru,PER,1129
2011,Peru,PER,1130
2012,Peru,PER,1100
2013,Peru,PER,1128
2014,Peru,PER,1275
2015,Peru,PER,1454
2016,Peru,PER,1615
2017,Peru,PER,1788
2018,Peru,PER,2506
2019,Peru,PER,2850
2020,Peru,PER,4272
2000,Philippines,PHL,175
2001,Philippines,PHL,132
2002,Philippines,PHL,109
2003,Philippines,PHL,109
2004,Philippines,PHL,106
2005,Philippines,PHL,92
2006,Philippines,PHL,96
2007,Philippines,PHL,102
2008,Philippines,PHL,99
2009,Philippines,PHL,93
2010,Philippines,PHL,238
2011,Philippines,PHL,118
2012,Philippines,PHL,141
2013,Philippines,PHL,178
2014,Philippines,PHL,213
2015,Philippines,PHL,254
2016,Philippines,PHL,392
2017,Philippines,PHL,512
2018,Philippines,PHL,631
2019,Philippines,PHL,680
2020,Philippines,PHL,709
2000,Poland,POL,1011
2001,Poland,POL,1295
2002,Poland,POL,1586
2003,Poland,POL,1822
2004,Poland,POL,2491
2005,Poland,POL,4585
2006,Poland,POL,6786
2007,Poland,POL,10037
2008,Poland,POL,12761
2009,Poland,POL,15299
2010,Poland,POL,15537
2011,Poland,POL,15834
2012,Poland,POL,15897
2013,Poland,POL,16428
2014,Poland,POL,15730
2015,Poland,POL,14057
2016,Poland,POL,11738
2017,Poland,POL,12225
2018,Poland,POL,12495
2019,Poland,POL,12658
2020,Poland,POL,2771
2000,Portugal,PRT,416
2001,Portugal,PRT,444
2002,Portugal,PRT,460
2003,Portugal,PRT,414
2004,Portugal,PRT,368
2005,Portugal,PRT,355
2006,Portugal,PRT,322
2007,Portugal,PRT,346
2008,Portugal,PRT,393
2009,Portugal,PRT,383
2010,Portugal,PRT,368
2011,Portugal,PRT,399
2012,Portugal,PRT,473
2013,Portugal,PRT,596
2014,Portugal,PRT,704
2015,Portugal,PRT,851
2016,Portugal,PRT,1189
2017,Portugal,PRT,1619
2018,Portugal,PRT,2130
2019,Portugal,PRT,2375
2020,Portugal,PRT,2405
2000,Qatar,QAT,31
2001,Qatar,QAT,67
2002,Qatar,QAT,46
2003,Qatar,QAT,46
2004,Qatar,QAT,46
2005,Qatar,QAT,46
2006,Qatar,QAT,46
2007,Qatar,QAT,46
2008,Qatar,QAT,13
2009,Qatar,QAT,29
2010,Qatar,QAT,51
2011,Qatar,QAT,80
2012,Qatar,QAT,80
2013,Qatar,QAT,130
2014,Qatar,QAT,132
2015,Qatar,QAT,117
2016,Qatar,QAT,176
2017,Qatar,QAT,188
2018,Qatar,QAT,189
2019,Qatar,QAT,202
2020,Qatar,QAT,201
2000,Romania,ROU,1677
2001,Romania,ROU,1792
2002,Romania,ROU,1839
2003,Romania,ROU,1991
2004,Romania,ROU,1610
2005,Romania,ROU,2040
2006,Romania,ROU,1636
2007,Romania,ROU,1741
2008,Romania,ROU,1586
2009,Romania,ROU,1065
2010,Romania,ROU,1019
2011,Romania,ROU,1003
2012,Romania,ROU,1263
2013,Romania,ROU,1747
2014,Romania,ROU,2171
2015,Romania,ROU,2581
2016,Romania,ROU,2880
2017,Romania,ROU,3911
2018,Romania,ROU,4134
2019,Romania,ROU,3860
2020,Romania,ROU,3581
2000,Russia,RUS,26265
2001,Russia,RUS,17970
2002,Russia,RUS,14966
2003,Russia,RUS,9897
2004,Russia,RUS,1851
2005,Russia,RUS,1513
2006,Russia,RUS,1413
2007,Russia,RUS,1636
2008,Russia,RUS,3470
2009,Russia,RUS,4877
2010,Russia,RUS,4924
2011,Russia,RUS,3913
2012,Russia,RUS,3164
2013,Russia,RUS,3450
2014,Russia,RUS,235732
2015,Russia,RUS,314498
2016,Russia,RUS,228981
2017,Russia,RUS,126021
2018,Russia,RUS,77382
2019,Russia,RUS,42413
2020,Russia,RUS,20260
2000,Rwanda,RWA,28398
2001,Rwanda,RWA,34793
2002,Rwanda,RWA,30861
2003,Rwanda,RWA,36608
2004,Rwanda,RWA,50221
2005,Rwanda,RWA,45202
2006,Rwanda,RWA,49191
2007,Rwanda,RWA,53574
2008,Rwanda,RWA,55067
2009,Rwanda,RWA,54016
2010,Rwanda,RWA,55398
2011,Rwanda,RWA,55325
2012,Rwanda,RWA,58217
2013,Rwanda,RWA,73352
2014,Rwanda,RWA,73822
2015,Rwanda,RWA,144739
2016,Rwanda,RWA,156065
2017,Rwanda,RWA,170991
2018,Rwanda,RWA,145359
2019,Rwanda,RWA,145054
2020,Rwanda,RWA,139491
2018,Saint Kitts and Nevis,KNA,5
2019,Saint Kitts and Nevis,KNA,5
2013,Saint Lucia,LCA,5
2016,Samoa,WSM,5
2017,Samoa,WSM,5
2018,Samoa,WSM,5
2000,Saudi Arabia,SAU,5308
2001,Saudi Arabia,SAU,245266
2002,Saudi Arabia,SAU,245290
2003,Saudi Arabia,SAU,240831
2004,Saudi Arabia,SAU,240551
2005,Saudi Arabia,SAU,240701
2006,Saudi Arabia,SAU,240772
2007,Saudi Arabia,SAU,240742
2008,Saudi Arabia,SAU,240570
2009,Saudi Arabia,SAU,573
2010,Saudi Arabia,SAU,578
2011,Saudi Arabia,SAU,595
2012,Saudi Arabia,SAU,575
2013,Saudi Arabia,SAU,557
2014,Saudi Arabia,SAU,559
2015,Saudi Arabia,SAU,122
2016,Saudi Arabia,SAU,136
2017,Saudi Arabia,SAU,153
2018,Saudi Arabia,SAU,263
2019,Saudi Arabia,SAU,315
2020,Saudi Arabia,SAU,330
2000,Senegal,SEN,20762
2001,Senegal,SEN,20703
2002,Senegal,SEN,20706
2003,Senegal,SEN,20722
2004,Senegal,SEN,20802
2005,Senegal,SEN,20706
2006,Senegal,SEN,20587
2007,Senegal,SEN,20417
2008,Senegal,SEN,33189
2009,Senegal,SEN,22143
2010,Senegal,SEN,20670
2011,Senegal,SEN,20640
2012,Senegal,SEN,14229
2013,Senegal,SEN,14241
2014,Senegal,SEN,14267
2015,Senegal,SEN,14383
2016,Senegal,SEN,14575
2017,Senegal,SEN,14646
2018,Senegal,SEN,14359
2019,Senegal,SEN,14467
2020,Senegal,SEN,14361
2000,Serbia,SRB,484390
2001,Serbia,SRB,400306
2002,Serbia,SRB,354400
2003,Serbia,SRB,291397
2004,Serbia,SRB,276677
2005,Serbia,SRB,148259
2006,Serbia,SRB,98995
2007,Serbia,SRB,97991
2008,Serbia,SRB,96735
2009,Serbia,SRB,86348
2010,Serbia,SRB,73604
2011,Serbia,SRB,70702
2012,Serbia,SRB,66367
2013,Serbia,SRB,57079
2014,Serbia,SRB,43749
2015,Serbia,SRB,35326
2016,Serbia,SRB,36517
2017,Serbia,SRB,32205
2018,Serbia,SRB,30944
2019,Serbia,SRB,26427
2020,Serbia,SRB,26085
2000,Sierra Leone,SLE,6543
2001,Sierra Leone,SLE,10498
2002,Sierra Leone,SLE,63491
2003,Sierra Leone,SLE,61192
2004,Sierra Leone,SLE,65433
2005,Sierra Leone,SLE,59962
2006,Sierra Leone,SLE,27364
2007,Sierra Leone,SLE,8794
2008,Sierra Leone,SLE,7825
2009,Sierra Leone,SLE,9050
2010,Sierra Leone,SLE,8362
2011,Sierra Leone,SLE,8091
2012,Sierra Leone,SLE,4203
2013,Sierra Leone,SLE,2816
2014,Sierra Leone,SLE,1371
2015,Sierra Leone,SLE,760
2016,Sierra Leone,SLE,683
2017,Sierra Leone,SLE,678
2018,Sierra Leone,SLE,591
2019,Sierra Leone,SLE,441
2020,Sierra Leone,SLE,342
2007,Singapore,SGP,7
2008,Singapore,SGP,7
2009,Singapore,SGP,5
2010,Singapore,SGP,5
2014,Singapore,SGP,5
2011,Sint Maarten (Dutch part),SXM,5
2012,Sint Maarten (Dutch part),SXM,5
2013,Sint Maarten (Dutch part),SXM,5
2014,Sint Maarten (Dutch part),SXM,5
2015,Sint Maarten (Dutch part),SXM,5
2016,Sint Maarten (Dutch part),SXM,5
2017,Sint Maarten (Dutch part),SXM,5
2018,Sint Maarten (Dutch part),SXM,5
2019,Sint Maarten (Dutch part),SXM,5
2000,Slovakia,SVK,444
2001,Slovakia,SVK,461
2002,Slovakia,SVK,443
2003,Slovakia,SVK,412
2004,Slovakia,SVK,396
2005,Slovakia,SVK,352
2006,Slovakia,SVK,235
2007,Slovakia,SVK,265
2008,Slovakia,SVK,301
2009,Slovakia,SVK,387
2010,Slovakia,SVK,451
2011,Slovakia,SVK,535
2012,Slovakia,SVK,650
2013,Slovakia,SVK,691
2014,Slovakia,SVK,791
2015,Slovakia,SVK,816
2016,Slovakia,SVK,980
2017,Slovakia,SVK,912
2018,Slovakia,SVK,938
2019,Slovakia,SVK,965
2020,Slovakia,SVK,1006
2000,Slovenia,SVN,2814
2001,Slovenia,SVN,2411
2002,Slovenia,SVN,384
2003,Slovenia,SVN,2065
2004,Slovenia,SVN,299
2005,Slovenia,SVN,243
2006,Slovenia,SVN,249
2007,Slovenia,SVN,255
2008,Slovenia,SVN,257
2009,Slovenia,SVN,281
2010,Slovenia,SVN,315
2011,Slovenia,SVN,134
2012,Slovenia,SVN,169
2013,Slovenia,SVN,202
2014,Slovenia,SVN,251
2015,Slovenia,SVN,284
2016,Slovenia,SVN,454
2017,Slovenia,SVN,611
2018,Slovenia,SVN,746
2019,Slovenia,SVN,741
2020,Slovenia,SVN,823
2014,Solomon Islands,SLB,5
2015,Solomon Islands,SLB,5
2000,Somalia,SOM,555
2001,Somalia,SOM,587
2002,Somalia,SOM,193
2003,Somalia,SOM,366
2004,Somalia,SOM,362
2005,Somalia,SOM,498
2006,Somalia,SOM,669
2007,Somalia,SOM,903
2008,Somalia,SOM,1842
2009,Somalia,SOM,1819
2010,Somalia,SOM,1934
2011,Somalia,SOM,2100
2012,Somalia,SOM,2307
2013,Somalia,SOM,2426
2014,Somalia,SOM,2732
2015,Somalia,SOM,8081
2016,Somalia,SOM,11579
2017,Somalia,SOM,14565
2018,Somalia,SOM,16738
2019,Somalia,SOM,17882
2020,Somalia,SOM,11220
2000,South Africa,ZAF,15058
2001,South Africa,ZAF,18594
2002,South Africa,ZAF,23336
2003,South Africa,ZAF,26552
2004,South Africa,ZAF,27675
2005,South Africa,ZAF,29716
2006,South Africa,ZAF,35086
2007,South Africa,ZAF,36732
2008,South Africa,ZAF,43542
2009,South Africa,ZAF,47972
2010,South Africa,ZAF,57899
2011,South Africa,ZAF,57899
2012,South Africa,ZAF,65225
2013,South Africa,ZAF,65976
2014,South Africa,ZAF,112182
2015,South Africa,ZAF,121635
2016,South Africa,ZAF,91018
2017,South Africa,ZAF,88694
2018,South Africa,ZAF,89285
2019,South Africa,ZAF,78395
2020,South Africa,ZAF,76729
2000,South Korea,KOR,5
2001,South Korea,KOR,5
2002,South Korea,KOR,15
2003,South Korea,KOR,20
2004,South Korea,KOR,37
2005,South Korea,KOR,61
2006,South Korea,KOR,90
2007,South Korea,KOR,108
2008,South Korea,KOR,162
2009,South Korea,KOR,253
2010,South Korea,KOR,352
2011,South Korea,KOR,389
2012,South Korea,KOR,488
2013,South Korea,KOR,548
2014,South Korea,KOR,1164
2015,South Korea,KOR,1455
2016,South Korea,KOR,1798
2017,South Korea,KOR,2238
2018,South Korea,KOR,2890
2019,South Korea,KOR,3196
2020,South Korea,KOR,3443
2011,South Sudan,SSD,105023
2012,South Sudan,SSD,202581
2013,South Sudan,SSD,229587
2014,South Sudan,SSD,248152
2015,South Sudan,SSD,263012
2016,South Sudan,SSD,262558
2017,South Sudan,SSD,283405
2018,South Sudan,SSD,291838
2019,South Sudan,SSD,298309
2020,South Sudan,SSD,314438
2000,Spain,ESP,6982
2001,Spain,ESP,6804
2002,Spain,ESP,6783
2003,Spain,ESP,5912
2004,Spain,ESP,5690
2005,Spain,ESP,5369
2006,Spain,ESP,5269
2007,Spain,ESP,5143
2008,Spain,ESP,4649
2009,Spain,ESP,3960
2010,Spain,ESP,3814
2011,Spain,ESP,4220
2012,Spain,ESP,4502
2013,Spain,ESP,4641
2014,Spain,ESP,5797
2015,Spain,ESP,6447
2016,Spain,ESP,12983
2017,Spain,ESP,17541
2018,Spain,ESP,20437
2019,Spain,ESP,57751
2020,Spain,ESP,103624
2000,Sri Lanka,LKA,12
2001,Sri Lanka,LKA,13
2002,Sri Lanka,LKA,22
2003,Sri Lanka,LKA,26
2004,Sri Lanka,LKA,60
2005,Sri Lanka,LKA,106
2006,Sri Lanka,LKA,162
2007,Sri Lanka,LKA,184
2008,Sri Lanka,LKA,271
2009,Sri Lanka,LKA,251
2010,Sri Lanka,LKA,224
2011,Sri Lanka,LKA,187
2012,Sri Lanka,LKA,109
2013,Sri Lanka,LKA,143
2014,Sri Lanka,LKA,508
2015,Sri Lanka,LKA,781
2016,Sri Lanka,LKA,602
2017,Sri Lanka,LKA,820
2018,Sri Lanka,LKA,796
2019,Sri Lanka,LKA,1041
2020,Sri Lanka,LKA,1008
2000,Sudan,SDN,414928
2001,Sudan,SDN,349209
2002,Sudan,SDN,328177
2003,Sudan,SDN,138162
2004,Sudan,SDN,141587
2005,Sudan,SDN,147255
2006,Sudan,SDN,196200
2007,Sudan,SDN,222720
2008,Sudan,SDN,181605
2009,Sudan,SDN,186292
2010,Sudan,SDN,178305
2011,Sudan,SDN,139407
2012,Sudan,SDN,152188
2013,Sudan,SDN,159848
2014,Sudan,SDN,277818
2015,Sudan,SDN,309632
2016,Sudan,SDN,421459
2017,Sudan,SDN,906590
2018,Sudan,SDN,1078280
2019,Sudan,SDN,1055489
2020,Sudan,SDN,1040288
2017,Suriname,SUR,34
2018,Suriname,SUR,41
2019,Suriname,SUR,44
2020,Suriname,SUR,19
2000,Sweden,SWE,157206
2001,Sweden,SWE,146480
2002,Sweden,SWE,142170
2003,Sweden,SWE,112148
2004,Sweden,SWE,73383
2005,Sweden,SWE,74889
2006,Sweden,SWE,79895
2007,Sweden,SWE,75055
2008,Sweden,SWE,77016
2009,Sweden,SWE,81346
2010,Sweden,SWE,82620
2011,Sweden,SWE,86603
2012,Sweden,SWE,92869
2013,Sweden,SWE,114172
2014,Sweden,SWE,142197
2015,Sweden,SWE,169516
2016,Sweden,SWE,230158
2017,Sweden,SWE,240954
2018,Sweden,SWE,248210
2019,Sweden,SWE,253787
2020,Sweden,SWE,248372
2000,Switzerland,CHE,57624
2001,Switzerland,CHE,58471
2002,Switzerland,CHE,54081
2003,Switzerland,CHE,50126
2004,Switzerland,CHE,47654
2005,Switzerland,CHE,48010
2006,Switzerland,CHE,48508
2007,Switzerland,CHE,45642
2008,Switzerland,CHE,46131
2009,Switzerland,CHE,46204
2010,Switzerland,CHE,48813
2011,Switzerland,CHE,50401
2012,Switzerland,CHE,50733
2013,Switzerland,CHE,52448
2014,Switzerland,CHE,62596
2015,Switzerland,CHE,73326
2016,Switzerland,CHE,82668
2017,Switzerland,CHE,93030
2018,Switzerland,CHE,104011
2019,Switzerland,CHE,110162
2020,Switzerland,CHE,115798
2000,Syria,SYR,390987
2001,Syria,SYR,399596
2002,Syria,SYR,408515
2003,Syria,SYR,417503
2004,Syria,SYR,437337
2005,Syria,SYR,458135
2006,Syria,SYR,1144565
2007,Syria,SYR,1955234
2008,Syria,SYR,1567590
2009,Syria,SYR,1526573
2010,Syria,SYR,1482272
2011,Syria,SYR,1242381
2012,Syria,SYR,975685
2013,Syria,SYR,666541
2014,Syria,SYR,677751
2015,Syria,SYR,555766
2016,Syria,SYR,562821
2017,Syria,SYR,571298
2018,Syria,SYR,578956
2019,Syria,SYR,578525
2020,Syria,SYR,584034
2000,Tajikistan,TJK,15364
2001,Tajikistan,TJK,15346
2002,Tajikistan,TJK,3437
2003,Tajikistan,TJK,3304
2004,Tajikistan,TJK,1835
2005,Tajikistan,TJK,1020
2006,Tajikistan,TJK,930
2007,Tajikistan,TJK,1136
2008,Tajikistan,TJK,1800
2009,Tajikistan,TJK,2678
2010,Tajikistan,TJK,3131
2011,Tajikistan,TJK,3322
2012,Tajikistan,TJK,2248
2013,Tajikistan,TJK,2050
2014,Tajikistan,TJK,2027
2015,Tajikistan,TJK,1963
2016,Tajikistan,TJK,2724
2017,Tajikistan,TJK,2521
2018,Tajikistan,TJK,2654
2019,Tajikistan,TJK,3788
2020,Tajikistan,TJK,5578
2000,Tanzania,TZA,680862
2001,Tanzania,TZA,646899
2002,Tanzania,TZA,689373
2003,Tanzania,TZA,649770
2004,Tanzania,TZA,602088
2005,Tanzania,TZA,548824
2006,Tanzania,TZA,485295
2007,Tanzania,TZA,435630
2008,Tanzania,TZA,321908
2009,Tanzania,TZA,118731
2010,Tanzania,TZA,109286
2011,Tanzania,TZA,131243
2012,Tanzania,TZA,101021
2013,Tanzania,TZA,102099
2014,Tanzania,TZA,88492
2015,Tanzania,TZA,211845
2016,Tanzania,TZA,281498
2017,Tanzania,TZA,308528
2018,Tanzania,TZA,278322
2019,Tanzania,TZA,242171
2020,Tanzania,TZA,234645
2000,Thailand,THA,104966
2001,Thailand,THA,110711
2002,Thailand,THA,112614
2003,Thailand,THA,119056
2004,Thailand,THA,121145
2005,Thailand,THA,117050
2006,Thailand,THA,133107
2007,Thailand,THA,125627
2008,Thailand,THA,112916
2009,Thailand,THA,105286
2010,Thailand,THA,96666
2011,Thailand,THA,89245
2012,Thailand,THA,84475
2013,Thailand,THA,136489
2014,Thailand,THA,130227
2015,Thailand,THA,108252
2016,Thailand,THA,106431
2017,Thailand,THA,104605
2018,Thailand,THA,102234
2019,Thailand,THA,97556
2020,Thailand,THA,96179
2000,Togo,TGO,12223
2001,Togo,TGO,12257
2002,Togo,TGO,12295
2003,Togo,TGO,12396
2004,Togo,TGO,11286
2005,Togo,TGO,9288
2006,Togo,TGO,6330
2007,Togo,TGO,1330
2008,Togo,TGO,9377
2009,Togo,TGO,8534
2010,Togo,TGO,14051
2011,Togo,TGO,19271
2012,Togo,TGO,23539
2013,Togo,TGO,20613
2014,Togo,TGO,21773
2015,Togo,TGO,21949
2016,Togo,TGO,12486
2017,Togo,TGO,12425
2018,Togo,TGO,12335
2019,Togo,TGO,11964
2020,Togo,TGO,10798
2007,Trinidad and Tobago,TTO,15
2008,Trinidad and Tobago,TTO,36
2009,Trinidad and Tobago,TTO,41
2010,Trinidad and Tobago,TTO,20
2011,Trinidad and Tobago,TTO,15
2012,Trinidad and Tobago,TTO,13
2013,Trinidad and Tobago,TTO,10
2014,Trinidad and Tobago,TTO,76
2015,Trinidad and Tobago,TTO,105
2016,Trinidad and Tobago,TTO,104
2017,Trinidad and Tobago,TTO,282
2018,Trinidad and Tobago,TTO,784
2019,Trinidad and Tobago,TTO,2308
2020,Trinidad and Tobago,TTO,3179
2000,Tunisia,TUN,428
2001,Tunisia,TUN,92
2002,Tunisia,TUN,93
2003,Tunisia,TUN,87
2004,Tunisia,TUN,83
2005,Tunisia,TUN,81
2006,Tunisia,TUN,85
2007,Tunisia,TUN,93
2008,Tunisia,TUN,90
2009,Tunisia,TUN,86
2010,Tunisia,TUN,86
2011,Tunisia,TUN,4085
2012,Tunisia,TUN,1433
2013,Tunisia,TUN,727
2014,Tunisia,TUN,895
2015,Tunisia,TUN,659
2016,Tunisia,TUN,646
2017,Tunisia,TUN,726
2018,Tunisia,TUN,1061
2019,Tunisia,TUN,1732
2020,Tunisia,TUN,2580
2000,Turkey,TUR,3096
2001,Turkey,TUR,3466
2002,Turkey,TUR,3302
2003,Turkey,TUR,2488
2004,Turkey,TUR,3029
2005,Turkey,TUR,2395
2006,Turkey,TUR,2624
2007,Turkey,TUR,6941
2008,Turkey,TUR,11090
2009,Turkey,TUR,10339
2010,Turkey,TUR,10025
2011,Turkey,TUR,14457
2012,Turkey,TUR,267063
2013,Turkey,TUR,609931
2014,Turkey,TUR,1587365
2015,Turkey,TUR,2541348
2016,Turkey,TUR,2869419
2017,Turkey,TUR,3480350
2018,Turkey,TUR,3681688
2019,Turkey,TUR,3579531
2020,Turkey,TUR,3652362
2000,Turkmenistan,TKM,14188
2001,Turkmenistan,TKM,14003
2002,Turkmenistan,TKM,13691
2003,Turkmenistan,TKM,13509
2004,Turkmenistan,TKM,13252
2005,Turkmenistan,TKM,11965
2006,Turkmenistan,TKM,751
2007,Turkmenistan,TKM,126
2008,Turkmenistan,TKM,81
2009,Turkmenistan,TKM,62
2010,Turkmenistan,TKM,64
2011,Turkmenistan,TKM,59
2012,Turkmenistan,TKM,46
2013,Turkmenistan,TKM,45
2014,Turkmenistan,TKM,34
2015,Turkmenistan,TKM,25
2016,Turkmenistan,TKM,26
2017,Turkmenistan,TKM,22
2018,Turkmenistan,TKM,21
2019,Turkmenistan,TKM,21
2020,Turkmenistan,TKM,20
2013,Turks and Caicos Islands,TCA,5
2014,Turks and Caicos Islands,TCA,5
2015,Turks and Caicos Islands,TCA,5
2016,Turks and Caicos Islands,TCA,5
2017,Turks and Caicos Islands,TCA,5
2018,Turks and Caicos Islands,TCA,5
2019,Turks and Caicos Islands,TCA,5
2020,Turks and Caicos Islands,TCA,8
2000,Uganda,UGA,236622
2001,Uganda,UGA,199735
2002,Uganda,UGA,217301
2003,Uganda,UGA,230904
2004,Uganda,UGA,250477
2005,Uganda,UGA,257252
2006,Uganda,UGA,272003
2007,Uganda,UGA,228956
2008,Uganda,UGA,162132
2009,Uganda,UGA,127340
2010,Uganda,UGA,135799
2011,Uganda,UGA,139442
2012,Uganda,UGA,197872
2013,Uganda,UGA,220548
2014,Uganda,UGA,385503
2015,Uganda,UGA,477187
2016,Uganda,UGA,940825
2017,Uganda,UGA,1350495
2018,Uganda,UGA,1165646
2019,Uganda,UGA,1359458
2020,Uganda,UGA,1421133
2000,Ukraine,UKR,2927
2001,Ukraine,UKR,2958
2002,Ukraine,UKR,2940
2003,Ukraine,UKR,2851
2004,Ukraine,UKR,2442
2005,Ukraine,UKR,2334
2006,Ukraine,UKR,2267
2007,Ukraine,UKR,7272
2008,Ukraine,UKR,7189
2009,Ukraine,UKR,7321
2010,Ukraine,UKR,3016
2011,Ukraine,UKR,3168
2012,Ukraine,UKR,2790
2013,Ukraine,UKR,2956
2014,Ukraine,UKR,3206
2015,Ukraine,UKR,3261
2016,Ukraine,UKR,3292
2017,Ukraine,UKR,3241
2018,Ukraine,UKR,2606
2019,Ukraine,UKR,2166
2020,Ukraine,UKR,2249
2000,United Arab Emirates,ARE,560
2001,United Arab Emirates,ARE,554
2002,United Arab Emirates,ARE,165
2003,United Arab Emirates,ARE,160
2004,United Arab Emirates,ARE,106
2005,United Arab Emirates,ARE,104
2006,United Arab Emirates,ARE,176
2007,United Arab Emirates,ARE,161
2008,United Arab Emirates,ARE,204
2009,United Arab Emirates,ARE,280
2010,United Arab Emirates,ARE,538
2011,United Arab Emirates,ARE,675
2012,United Arab Emirates,ARE,628
2013,United Arab Emirates,ARE,602
2014,United Arab Emirates,ARE,419
2015,United Arab Emirates,ARE,663
2016,United Arab Emirates,ARE,888
2017,United Arab Emirates,ARE,884
2018,United Arab Emirates,ARE,1167
2019,United Arab Emirates,ARE,1242
2020,United Arab Emirates,ARE,1315
2000,United Kingdom,GBR,186247
2001,United Kingdom,GBR,233389
2002,United Kingdom,GBR,260687
2003,United Kingdom,GBR,276482
2004,United Kingdom,GBR,298826
2005,United Kingdom,GBR,303163
2006,United Kingdom,GBR,301537
2007,United Kingdom,GBR,299701
2008,United Kingdom,GBR,292081
2009,United Kingdom,GBR,269355
2010,United Kingdom,GBR,238133
2011,United Kingdom,GBR,193494
2012,United Kingdom,GBR,149790
2013,United Kingdom,GBR,126036
2014,United Kingdom,GBR,117226
2015,United Kingdom,GBR,123051
2016,United Kingdom,GBR,118973
2017,United Kingdom,GBR,121821
2018,United Kingdom,GBR,126708
2019,United Kingdom,GBR,133083
2020,United Kingdom,GBR,132304
2000,United States,USA,508209
2001,United States,USA,515851
2002,United States,USA,485173
2003,United States,USA,452536
2004,United States,USA,420788
2005,United States,USA,379330
2006,United States,USA,843434
2007,United States,USA,281154
2008,United States,USA,279468
2009,United States,USA,275393
2010,United States,USA,264505
2011,United States,USA,264752
2012,United States,USA,262006
2013,United States,USA,263653
2014,United States,USA,267214
2015,United States,USA,273198
2016,United States,USA,272963
2017,United States,USA,287135
2018,United States,USA,313242
2019,United States,USA,341715
2020,United States,USA,340846
2000,Uruguay,URY,74
2001,Uruguay,URY,86
2002,Uruguay,URY,97
2003,Uruguay,URY,84
2004,Uruguay,URY,87
2005,Uruguay,URY,114
2006,Uruguay,URY,117
2007,Uruguay,URY,130
2008,Uruguay,URY,133
2009,Uruguay,URY,162
2010,Uruguay,URY,181
2011,Uruguay,URY,165
2012,Uruguay,URY,170
2013,Uruguay,URY,190
2014,Uruguay,URY,254
2015,Uruguay,URY,292
2016,Uruguay,URY,299
2017,Uruguay,URY,334
2018,Uruguay,URY,379
2019,Uruguay,URY,498
2020,Uruguay,URY,664
2000,Uzbekistan,UZB,38349
2001,Uzbekistan,UZB,39579
2002,Uzbekistan,UZB,44933
2003,Uzbekistan,UZB,44683
2004,Uzbekistan,UZB,44452
2005,Uzbekistan,UZB,43949
2006,Uzbekistan,UZB,1415
2007,Uzbekistan,UZB,1052
2008,Uzbekistan,UZB,819
2009,Uzbekistan,UZB,556
2010,Uzbekistan,UZB,309
2011,Uzbekistan,UZB,216
2012,Uzbekistan,UZB,178
2013,Uzbekistan,UZB,143
2014,Uzbekistan,UZB,123
2015,Uzbekistan,UZB,106
2016,Uzbekistan,UZB,26
2017,Uzbekistan,UZB,20
2018,Uzbekistan,UZB,13
2019,Uzbekistan,UZB,13
2020,Uzbekistan,UZB,13
2008,Vanuatu,VUT,5
2009,Vanuatu,VUT,5
2010,Vanuatu,VUT,5
2000,Venezuela,VEN,130
2001,Venezuela,VEN,62
2002,Venezuela,VEN,62
2003,Venezuela,VEN,62
2004,Venezuela,VEN,245
2005,Venezuela,VEN,409
2006,Venezuela,VEN,716
2007,Venezuela,VEN,200904
2008,Venezuela,VEN,201160
2009,Venezuela,VEN,201310
2010,Venezuela,VEN,201544
2011,Venezuela,VEN,202013
2012,Venezuela,VEN,203635
2013,Venezuela,VEN,204331
2014,Venezuela,VEN,173591
2015,Venezuela,VEN,173745
2016,Venezuela,VEN,172047
2017,Venezuela,VEN,122804
2018,Venezuela,VEN,67283
2019,Venezuela,VEN,67749
2020,Venezuela,VEN,68089
2000,Vietnam,VNM,15945
2001,Vietnam,VNM,15945
2002,Vietnam,VNM,15945
2003,Vietnam,VNM,15360
2004,Vietnam,VNM,2360
2005,Vietnam,VNM,2357
2006,Vietnam,VNM,2357
2007,Vietnam,VNM,2357
2008,Vietnam,VNM,2357
2009,Vietnam,VNM,2357
2010,Vietnam,VNM,1928
2011,Vietnam,VNM,990
2000,Yemen,YEM,60543
2001,Yemen,YEM,69462
2002,Yemen,YEM,82795
2003,Yemen,YEM,61876
2004,Yemen,YEM,66379
2005,Yemen,YEM,81932
2006,Yemen,YEM,95791
2007,Yemen,YEM,117358
2008,Yemen,YEM,140166
2009,Yemen,YEM,170850
2010,Yemen,YEM,190088
2011,Yemen,YEM,214736
2012,Yemen,YEM,237176
2013,Yemen,YEM,241281
2014,Yemen,YEM,257637
2015,Yemen,YEM,267163
2016,Yemen,YEM,269778
2017,Yemen,YEM,270913
2018,Yemen,YEM,264359
2019,Yemen,YEM,268503
2020,Yemen,YEM,166906
2000,Zambia,ZMB,250940
2001,Zambia,ZMB,284173
2002,Zambia,ZMB,246765
2003,Zambia,ZMB,226697
2004,Zambia,ZMB,173907
2005,Zambia,ZMB,155718
2006,Zambia,ZMB,120253
2007,Zambia,ZMB,112931
2008,Zambia,ZMB,83484
2009,Zambia,ZMB,56786
2010,Zambia,ZMB,47853
2011,Zambia,ZMB,45627
2012,Zambia,ZMB,25647
2013,Zambia,ZMB,23584
2014,Zambia,ZMB,25566
2015,Zambia,ZMB,26434
2016,Zambia,ZMB,29338
2017,Zambia,ZMB,41266
2018,Zambia,ZMB,49877
2019,Zambia,ZMB,57518
2020,Zambia,ZMB,66070
2000,Zimbabwe,ZWE,4127
2001,Zimbabwe,ZWE,8708
2002,Zimbabwe,ZWE,9433
2003,Zimbabwe,ZWE,12721
2004,Zimbabwe,ZWE,6875
2005,Zimbabwe,ZWE,13850
2006,Zimbabwe,ZWE,3519
2007,Zimbabwe,ZWE,3984
2008,Zimbabwe,ZWE,3465
2009,Zimbabwe,ZWE,3991
2010,Zimbabwe,ZWE,4432
2011,Zimbabwe,ZWE,4559
2012,Zimbabwe,ZWE,4354
2013,Zimbabwe,ZWE,6387
2014,Zimbabwe,ZWE,6076
2015,Zimbabwe,ZWE,6943
2016,Zimbabwe,ZWE,7423
2017,Zimbabwe,ZWE,7566
2018,Zimbabwe,ZWE,7795
2019,Zimbabwe,ZWE,8956
2020,Zimbabwe,ZWE,9261
