AÃ±o,Pais,Codigo_Pais,Poblacion_pais_origen
2000,Afghanistan,AFG,3587327
2001,Afghanistan,AFG,3809763
2002,Afghanistan,AFG,2510294
2003,Afghanistan,AFG,2136039
2004,Afghanistan,AFG,2414460
2005,Afghanistan,AFG,2166139
2006,Afghanistan,AFG,2107510
2007,Afghanistan,AFG,3057655
2008,Afghanistan,AFG,2833116
2009,Afghanistan,AFG,2887114
2010,Afghanistan,AFG,3054699
2011,Afghanistan,AFG,2664423
2012,Afghanistan,AFG,2586132
2013,Afghanistan,AFG,2556483
2014,Afghanistan,AFG,2596259
2015,Afghanistan,AFG,2666294
2016,Afghanistan,AFG,2501447
2017,Afghanistan,AFG,2624265
2018,Afghanistan,AFG,2681267
2019,Afghanistan,AFG,2727556
2020,Afghanistan,AFG,2594827
2000,Albania,ALB,6801
2001,Albania,ALB,7627
2002,Albania,ALB,10758
2003,Albania,ALB,10382
2004,Albania,ALB,10474
2005,Albania,ALB,12718
2006,Albania,ALB,14079
2007,Albania,ALB,15335
2008,Albania,ALB,15007
2009,Albania,ALB,15707
2010,Albania,ALB,14771
2011,Albania,ALB,13552
2012,Albania,ALB,12569
2013,Albania,ALB,10104
2014,Albania,ALB,10156
2015,Albania,ALB,10404
2016,Albania,ALB,11060
2017,Albania,ALB,12168
2018,Albania,ALB,13512
2019,Albania,ALB,15027
2020,Albania,ALB,15523
2000,Algeria,DZA,8015
2001,Algeria,DZA,8399
2002,Algeria,DZA,12088
2003,Algeria,DZA,11651
2004,Algeria,DZA,10650
2005,Algeria,DZA,12024
2006,Algeria,DZA,8338
2007,Algeria,DZA,10599
2008,Algeria,DZA,9044
2009,Algeria,DZA,8168
2010,Algeria,DZA,6665
2011,Algeria,DZA,6093
2012,Algeria,DZA,5657
2013,Algeria,DZA,3643
2014,Algeria,DZA,3509
2015,Algeria,DZA,3470
2016,Algeria,DZA,3705
2017,Algeria,DZA,4021
2018,Algeria,DZA,4181
2019,Algeria,DZA,4514
2020,Algeria,DZA,4571
2002,Andorra,AND,9
2003,Andorra,AND,7
2005,Andorra,AND,10
2006,Andorra,AND,10
2007,Andorra,AND,10
2008,Andorra,AND,5
2009,Andorra,AND,5
2010,Andorra,AND,5
2011,Andorra,AND,5
2012,Andorra,AND,6
2013,Andorra,AND,5
2014,Andorra,AND,5
2015,Andorra,AND,5
2000,Angola,AGO,433756
2001,Angola,AGO,470616
2002,Angola,AGO,435415
2003,Angola,AGO,329573
2004,Angola,AGO,228842
2005,Angola,AGO,215811
2006,Angola,AGO,206482
2007,Angola,AGO,186137
2008,Angola,AGO,171374
2009,Angola,AGO,141006
2010,Angola,AGO,134851
2011,Angola,AGO,128657
2012,Angola,AGO,19253
2013,Angola,AGO,10274
2014,Angola,AGO,9468
2015,Angola,AGO,11855
2016,Angola,AGO,8388
2017,Angola,AGO,8292
2018,Angola,AGO,8243
2019,Angola,AGO,8176
2020,Angola,AGO,8196
2001,Antigua and Barbuda,ATG,5
2002,Antigua and Barbuda,ATG,5
2003,Antigua and Barbuda,ATG,5
2004,Antigua and Barbuda,ATG,13
2005,Antigua and Barbuda,ATG,13
2006,Antigua and Barbuda,ATG,18
2007,Antigua and Barbuda,ATG,24
2008,Antigua and Barbuda,ATG,25
2009,Antigua and Barbuda,ATG,27
2010,Antigua and Barbuda,ATG,28
2011,Antigua and Barbuda,ATG,32
2012,Antigua and Barbuda,ATG,45
2013,Antigua and Barbuda,ATG,50
2014,Antigua and Barbuda,ATG,53
2015,Antigua and Barbuda,ATG,56
2016,Antigua and Barbuda,ATG,82
2017,Antigua and Barbuda,ATG,99
2018,Antigua and Barbuda,ATG,107
2019,Antigua and Barbuda,ATG,117
2020,Antigua and Barbuda,ATG,108
2000,Argentina,ARG,608
2001,Argentina,ARG,660
2002,Argentina,ARG,764
2003,Argentina,ARG,777
2004,Argentina,ARG,789
2005,Argentina,ARG,850
2006,Argentina,ARG,888
2007,Argentina,ARG,1164
2008,Argentina,ARG,1039
2009,Argentina,ARG,604
2010,Argentina,ARG,553
2011,Argentina,ARG,506
2012,Argentina,ARG,435
2013,Argentina,ARG,381
2014,Argentina,ARG,311
2015,Argentina,ARG,186
2016,Argentina,ARG,120
2017,Argentina,ARG,121
2018,Argentina,ARG,112
2019,Argentina,ARG,99
2020,Argentina,ARG,99
2000,Armenia,ARM,5787
2001,Armenia,ARM,7206
2002,Armenia,ARM,13244
2003,Armenia,ARM,13158
2004,Armenia,ARM,13409
2005,Armenia,ARM,13965
2006,Armenia,ARM,14913
2007,Armenia,ARM,15435
2008,Armenia,ARM,16333
2009,Armenia,ARM,18004
2010,Armenia,ARM,17553
2011,Armenia,ARM,16491
2012,Armenia,ARM,15937
2013,Armenia,ARM,11995
2014,Armenia,ARM,11839
2015,Armenia,ARM,11211
2016,Armenia,ARM,10707
2017,Armenia,ARM,10786
2018,Armenia,ARM,11040
2019,Armenia,ARM,10962
2020,Armenia,ARM,10334
2002,Australia,AUS,9
2003,Australia,AUS,12
2004,Australia,AUS,11
2005,Australia,AUS,41
2006,Australia,AUS,29
2007,Australia,AUS,57
2008,Australia,AUS,37
2009,Australia,AUS,23
2010,Australia,AUS,38
2011,Australia,AUS,38
2012,Australia,AUS,47
2013,Australia,AUS,27
2014,Australia,AUS,27
2015,Australia,AUS,21
2016,Australia,AUS,15
2017,Australia,AUS,10
2018,Australia,AUS,10
2019,Australia,AUS,20
2020,Australia,AUS,20
2000,Austria,AUT,33
2001,Austria,AUT,27
2002,Austria,AUT,72
2003,Austria,AUT,68
2004,Austria,AUT,44
2005,Austria,AUT,62
2006,Austria,AUT,30
2007,Austria,AUT,19
2008,Austria,AUT,15
2009,Austria,AUT,15
2010,Austria,AUT,10
2011,Austria,AUT,10
2012,Austria,AUT,15
2013,Austria,AUT,5
2014,Austria,AUT,5
2017,Austria,AUT,10
2018,Austria,AUT,24
2019,Austria,AUT,18
2020,Austria,AUT,18
2000,Azerbaijan,AZE,284278
2001,Azerbaijan,AZE,268755
2002,Azerbaijan,AZE,260217
2003,Azerbaijan,AZE,253248
2004,Azerbaijan,AZE,250584
2005,Azerbaijan,AZE,233678
2006,Azerbaijan,AZE,126068
2007,Azerbaijan,AZE,15922
2008,Azerbaijan,AZE,16321
2009,Azerbaijan,AZE,16945
2010,Azerbaijan,AZE,16756
2011,Azerbaijan,AZE,16168
2012,Azerbaijan,AZE,15541
2013,Azerbaijan,AZE,10808
2014,Azerbaijan,AZE,10508
2015,Azerbaijan,AZE,9707
2016,Azerbaijan,AZE,10118
2017,Azerbaijan,AZE,10893
2018,Azerbaijan,AZE,11246
2019,Azerbaijan,AZE,11626
2020,Azerbaijan,AZE,101468
2006,Bahamas,BHS,12
2007,Bahamas,BHS,14
2008,Bahamas,BHS,11
2009,Bahamas,BHS,12
2010,Bahamas,BHS,17
2011,Bahamas,BHS,184
2012,Bahamas,BHS,195
2013,Bahamas,BHS,208
2014,Bahamas,BHS,216
2015,Bahamas,BHS,216
2016,Bahamas,BHS,298
2017,Bahamas,BHS,378
2018,Bahamas,BHS,421
2019,Bahamas,BHS,501
2020,Bahamas,BHS,534
2000,Bahrain,BHR,92
2001,Bahrain,BHR,46
2002,Bahrain,BHR,49
2003,Bahrain,BHR,50
2004,Bahrain,BHR,52
2005,Bahrain,BHR,40
2006,Bahrain,BHR,56
2007,Bahrain,BHR,65
2008,Bahrain,BHR,72
2009,Bahrain,BHR,72
2010,Bahrain,BHR,81
2011,Bahrain,BHR,213
2012,Bahrain,BHR,294
2013,Bahrain,BHR,274
2014,Bahrain,BHR,344
2015,Bahrain,BHR,422
2016,Bahrain,BHR,461
2017,Bahrain,BHR,497
2018,Bahrain,BHR,540
2019,Bahrain,BHR,557
2020,Bahrain,BHR,534
2000,Bangladesh,BGD,5404
2001,Bangladesh,BGD,5544
2002,Bangladesh,BGD,5804
2003,Bangladesh,BGD,5563
2004,Bangladesh,BGD,5733
2005,Bangladesh,BGD,7303
2006,Bangladesh,BGD,7796
2007,Bangladesh,BGD,10235
2008,Bangladesh,BGD,10097
2009,Bangladesh,BGD,10428
2010,Bangladesh,BGD,10046
2011,Bangladesh,BGD,10047
2012,Bangladesh,BGD,10159
2013,Bangladesh,BGD,9720
2014,Bangladesh,BGD,10868
2015,Bangladesh,BGD,12154
2016,Bangladesh,BGD,13842
2017,Bangladesh,BGD,16780
2018,Bangladesh,BGD,21022
2019,Bangladesh,BGD,22766
2020,Bangladesh,BGD,18948
2000,Barbados,BRB,5
2001,Barbados,BRB,6
2002,Barbados,BRB,6
2003,Barbados,BRB,8
2004,Barbados,BRB,10
2005,Barbados,BRB,8
2006,Barbados,BRB,28
2007,Barbados,BRB,39
2008,Barbados,BRB,33
2009,Barbados,BRB,28
2010,Barbados,BRB,29
2011,Barbados,BRB,42
2012,Barbados,BRB,50
2013,Barbados,BRB,63
2014,Barbados,BRB,82
2015,Barbados,BRB,95
2016,Barbados,BRB,144
2017,Barbados,BRB,172
2018,Barbados,BRB,211
2019,Barbados,BRB,243
2020,Barbados,BRB,230
2000,Belarus,BLR,2515
2001,Belarus,BLR,3691
2002,Belarus,BLR,6366
2003,Belarus,BLR,7817
2004,Belarus,BLR,8226
2005,Belarus,BLR,8849
2006,Belarus,BLR,9368
2007,Belarus,BLR,4961
2008,Belarus,BLR,5376
2009,Belarus,BLR,5518
2010,Belarus,BLR,5735
2011,Belarus,BLR,5916
2012,Belarus,BLR,6181
2013,Belarus,BLR,4387
2014,Belarus,BLR,4296
2015,Belarus,BLR,4117
2016,Belarus,BLR,3831
2017,Belarus,BLR,3650
2018,Belarus,BLR,3526
2019,Belarus,BLR,3425
2020,Belarus,BLR,3139
2000,Belgium,BEL,20
2001,Belgium,BEL,11
2002,Belgium,BEL,21
2003,Belgium,BEL,40
2004,Belgium,BEL,41
2005,Belgium,BEL,95
2006,Belgium,BEL,63
2007,Belgium,BEL,53
2008,Belgium,BEL,58
2009,Belgium,BEL,66
2010,Belgium,BEL,80
2011,Belgium,BEL,88
2012,Belgium,BEL,91
2013,Belgium,BEL,76
2014,Belgium,BEL,76
2015,Belgium,BEL,66
2016,Belgium,BEL,44
2017,Belgium,BEL,52
2018,Belgium,BEL,50
2019,Belgium,BEL,34
2020,Belgium,BEL,28
2000,Belize,BLZ,12
2003,Belize,BLZ,9
2004,Belize,BLZ,6
2005,Belize,BLZ,5
2006,Belize,BLZ,13
2007,Belize,BLZ,13
2008,Belize,BLZ,18
2009,Belize,BLZ,16
2010,Belize,BLZ,21
2011,Belize,BLZ,29
2012,Belize,BLZ,35
2013,Belize,BLZ,37
2014,Belize,BLZ,42
2015,Belize,BLZ,48
2016,Belize,BLZ,58
2017,Belize,BLZ,64
2018,Belize,BLZ,68
2019,Belize,BLZ,73
2020,Belize,BLZ,68
2000,Benin,BEN,47
2001,Benin,BEN,52
2002,Benin,BEN,228
2003,Benin,BEN,274
2004,Benin,BEN,299
2005,Benin,BEN,402
2006,Benin,BEN,207
2007,Benin,BEN,265
2008,Benin,BEN,315
2009,Benin,BEN,409
2010,Benin,BEN,438
2011,Benin,BEN,460
2012,Benin,BEN,451
2013,Benin,BEN,294
2014,Benin,BEN,330
2015,Benin,BEN,400
2016,Benin,BEN,479
2017,Benin,BEN,572
2018,Benin,BEN,659
2019,Benin,BEN,721
2020,Benin,BEN,606
2000,Bhutan,BTN,108943
2001,Bhutan,BTN,110844
2002,Bhutan,BTN,112524
2003,Bhutan,BTN,103977
2004,Bhutan,BTN,105259
2005,Bhutan,BTN,106539
2006,Bhutan,BTN,108069
2007,Bhutan,BTN,110593
2008,Bhutan,BTN,104960
2009,Bhutan,BTN,89064
2010,Bhutan,BTN,75062
2011,Bhutan,BTN,57980
2012,Bhutan,BTN,41582
2013,Bhutan,BTN,31556
2014,Bhutan,BTN,23633
2015,Bhutan,BTN,17709
2016,Bhutan,BTN,11757
2017,Bhutan,BTN,7954
2018,Bhutan,BTN,7100
2019,Bhutan,BTN,6839
2020,Bhutan,BTN,6741
2000,Bolivia,BOL,177
2001,Bolivia,BOL,157
2002,Bolivia,BOL,215
2003,Bolivia,BOL,260
2004,Bolivia,BOL,280
2005,Bolivia,BOL,263
2006,Bolivia,BOL,371
2007,Bolivia,BOL,423
2008,Bolivia,BOL,455
2009,Bolivia,BOL,570
2010,Bolivia,BOL,589
2011,Bolivia,BOL,615
2012,Bolivia,BOL,616
2013,Bolivia,BOL,594
2014,Bolivia,BOL,594
2015,Bolivia,BOL,566
2016,Bolivia,BOL,530
2017,Bolivia,BOL,520
2018,Bolivia,BOL,502
2019,Bolivia,BOL,514
2020,Bolivia,BOL,535
2000,Bosnia and Herzegovina,BIH,504980
2001,Bosnia and Herzegovina,BIH,447326
2002,Bosnia and Herzegovina,BIH,406456
2003,Bosnia and Herzegovina,BIH,300012
2004,Bosnia and Herzegovina,BIH,228813
2005,Bosnia and Herzegovina,BIH,109931
2006,Bosnia and Herzegovina,BIH,199948
2007,Bosnia and Herzegovina,BIH,78267
2008,Bosnia and Herzegovina,BIH,74358
2009,Bosnia and Herzegovina,BIH,70006
2010,Bosnia and Herzegovina,BIH,62996
2011,Bosnia and Herzegovina,BIH,58572
2012,Bosnia and Herzegovina,BIH,51815
2013,Bosnia and Herzegovina,BIH,26787
2014,Bosnia and Herzegovina,BIH,21883
2015,Bosnia and Herzegovina,BIH,18763
2016,Bosnia and Herzegovina,BIH,18194
2017,Bosnia and Herzegovina,BIH,17690
2018,Bosnia and Herzegovina,BIH,16956
2019,Bosnia and Herzegovina,BIH,16556
2020,Bosnia and Herzegovina,BIH,15578
2000,Botswana,BWA,5
2002,Botswana,BWA,5
2003,Botswana,BWA,5
2004,Botswana,BWA,5
2006,Botswana,BWA,10
2007,Botswana,BWA,16
2008,Botswana,BWA,29
2009,Botswana,BWA,32
2010,Botswana,BWA,56
2011,Botswana,BWA,88
2012,Botswana,BWA,125
2013,Botswana,BWA,165
2014,Botswana,BWA,234
2015,Botswana,BWA,306
2016,Botswana,BWA,265
2017,Botswana,BWA,279
2018,Botswana,BWA,289
2019,Botswana,BWA,228
2020,Botswana,BWA,191
2000,Brazil,BRA,220
2001,Brazil,BRA,251
2002,Brazil,BRA,438
2003,Brazil,BRA,377
2004,Brazil,BRA,401
2005,Brazil,BRA,370
2006,Brazil,BRA,703
2007,Brazil,BRA,1623
2008,Brazil,BRA,1401
2009,Brazil,BRA,973
2010,Brazil,BRA,991
2011,Brazil,BRA,1040
2012,Brazil,BRA,1073
2013,Brazil,BRA,982
2014,Brazil,BRA,977
2015,Brazil,BRA,893
2016,Brazil,BRA,803
2017,Brazil,BRA,851
2018,Brazil,BRA,1038
2019,Brazil,BRA,1399
2020,Brazil,BRA,1548
2005,Brunei,BRN,47
2000,Bulgaria,BGR,2404
2001,Bulgaria,BGR,2122
2002,Bulgaria,BGR,2843
2003,Bulgaria,BGR,2565
2004,Bulgaria,BGR,2227
2005,Bulgaria,BGR,4250
2006,Bulgaria,BGR,3431
2007,Bulgaria,BGR,3306
2008,Bulgaria,BGR,3036
2009,Bulgaria,BGR,2743
2010,Bulgaria,BGR,2558
2011,Bulgaria,BGR,2322
2012,Bulgaria,BGR,2143
2013,Bulgaria,BGR,1875
2014,Bulgaria,BGR,1644
2015,Bulgaria,BGR,1264
2016,Bulgaria,BGR,799
2017,Bulgaria,BGR,716
2018,Bulgaria,BGR,620
2019,Bulgaria,BGR,566
2020,Bulgaria,BGR,510
2000,Burkina Faso,BFA,124
2001,Burkina Faso,BFA,90
2002,Burkina Faso,BFA,970
2003,Burkina Faso,BFA,852
2004,Burkina Faso,BFA,575
2005,Burkina Faso,BFA,602
2006,Burkina Faso,BFA,373
2007,Burkina Faso,BFA,557
2008,Burkina Faso,BFA,719
2009,Burkina Faso,BFA,983
2010,Burkina Faso,BFA,1141
2011,Burkina Faso,BFA,1262
2012,Burkina Faso,BFA,1458
2013,Burkina Faso,BFA,1578
2014,Burkina Faso,BFA,1853
2015,Burkina Faso,BFA,2147
2016,Burkina Faso,BFA,2352
2017,Burkina Faso,BFA,2694
2018,Burkina Faso,BFA,11447
2019,Burkina Faso,BFA,11733
2020,Burkina Faso,BFA,15694
2000,Burundi,BDI,568070
2001,Burundi,BDI,553987
2002,Burundi,BDI,574552
2003,Burundi,BDI,531626
2004,Burundi,BDI,485753
2005,Burundi,BDI,438695
2006,Burundi,BDI,396533
2007,Burundi,BDI,375720
2008,Burundi,BDI,281583
2009,Burundi,BDI,94221
2010,Burundi,BDI,84053
2011,Burundi,BDI,101282
2012,Burundi,BDI,73354
2013,Burundi,BDI,72636
2014,Burundi,BDI,72477
2015,Burundi,BDI,292750
2016,Burundi,BDI,408066
2017,Burundi,BDI,439320
2018,Burundi,BDI,387850
2019,Burundi,BDI,380900
2020,Burundi,BDI,372951
2000,Cambodia,KHM,36851
2001,Cambodia,KHM,34756
2002,Cambodia,KHM,33451
2003,Cambodia,KHM,31404
2004,Cambodia,KHM,18109
2005,Cambodia,KHM,17804
2006,Cambodia,KHM,17963
2007,Cambodia,KHM,17700
2008,Cambodia,KHM,17250
2009,Cambodia,KHM,17022
2010,Cambodia,KHM,16308
2011,Cambodia,KHM,15201
2012,Cambodia,KHM,14016
2013,Cambodia,KHM,13738
2014,Cambodia,KHM,13066
2015,Cambodia,KHM,12802
2016,Cambodia,KHM,12428
2017,Cambodia,KHM,12238
2018,Cambodia,KHM,12139
2019,Cambodia,KHM,11986
2020,Cambodia,KHM,11862
2000,Cameroon,CMR,2067
2001,Cameroon,CMR,2729
2002,Cameroon,CMR,5228
2003,Cameroon,CMR,6215
2004,Cameroon,CMR,7631
2005,Cameroon,CMR,9096
2006,Cameroon,CMR,10373
2007,Cameroon,CMR,11499
2008,Cameroon,CMR,13852
2009,Cameroon,CMR,14752
2010,Cameroon,CMR,14952
2011,Cameroon,CMR,15149
2012,Cameroon,CMR,13360
2013,Cameroon,CMR,11410
2014,Cameroon,CMR,10739
2015,Cameroon,CMR,10565
2016,Cameroon,CMR,10344
2017,Cameroon,CMR,11032
2018,Cameroon,CMR,45118
2019,Cameroon,CMR,66241
2020,Cameroon,CMR,78481
2000,Canada,CAN,25
2001,Canada,CAN,5
2002,Canada,CAN,52
2003,Canada,CAN,61
2004,Canada,CAN,57
2005,Canada,CAN,120
2006,Canada,CAN,94
2007,Canada,CAN,530
2008,Canada,CAN,100
2009,Canada,CAN,97
2010,Canada,CAN,86
2011,Canada,CAN,108
2012,Canada,CAN,121
2013,Canada,CAN,94
2014,Canada,CAN,89
2015,Canada,CAN,73
2016,Canada,CAN,76
2017,Canada,CAN,75
2018,Canada,CAN,81
2019,Canada,CAN,71
2020,Canada,CAN,65
2001,Cape Verde,CPV,5
2002,Cape Verde,CPV,5
2003,Cape Verde,CPV,7
2004,Cape Verde,CPV,5
2006,Cape Verde,CPV,34
2007,Cape Verde,CPV,28
2008,Cape Verde,CPV,27
2009,Cape Verde,CPV,22
2010,Cape Verde,CPV,22
2011,Cape Verde,CPV,22
2012,Cape Verde,CPV,22
2013,Cape Verde,CPV,22
2014,Cape Verde,CPV,27
2015,Cape Verde,CPV,27
2016,Cape Verde,CPV,10
2017,Cape Verde,CPV,5
2018,Cape Verde,CPV,10
2019,Cape Verde,CPV,10
2020,Cape Verde,CPV,5
2013,Cayman Islands,CYM,6
2014,Cayman Islands,CYM,6
2015,Cayman Islands,CYM,6
2016,Cayman Islands,CYM,6
2017,Cayman Islands,CYM,6
2018,Cayman Islands,CYM,6
2019,Cayman Islands,CYM,6
2020,Cayman Islands,CYM,5
2000,Central African Republic,CAF,135
2001,Central African Republic,CAF,28698
2002,Central African Republic,CAF,25368
2003,Central African Republic,CAF,35394
2004,Central African Republic,CAF,31056
2005,Central African Republic,CAF,42875
2006,Central African Republic,CAF,71669
2007,Central African Republic,CAF,98092
2008,Central African Republic,CAF,125090
2009,Central African Republic,CAF,159542
2010,Central African Republic,CAF,164902
2011,Central African Republic,CAF,162861
2012,Central African Republic,CAF,164567
2013,Central African Republic,CAF,252854
2014,Central African Republic,CAF,412028
2015,Central African Republic,CAF,471093
2016,Central African Republic,CAF,490879
2017,Central African Republic,CAF,545513
2018,Central African Republic,CAF,590858
2019,Central African Republic,CAF,610152
2020,Central African Republic,CAF,642161
2000,Chad,TCD,54955
2001,Chad,TCD,46282
2002,Chad,TCD,47340
2003,Chad,TCD,52268
2004,Chad,TCD,52645
2005,Chad,TCD,48389
2006,Chad,TCD,36286
2007,Chad,TCD,55697
2008,Chad,TCD,55083
2009,Chad,TCD,54997
2010,Chad,TCD,53713
2011,Chad,TCD,42619
2012,Chad,TCD,39674
2013,Chad,TCD,48618
2014,Chad,TCD,48236
2015,Chad,TCD,14921
2016,Chad,TCD,14176
2017,Chad,TCD,16325
2018,Chad,TCD,10895
2019,Chad,TCD,11163
2020,Chad,TCD,10388
2000,Chile,CHL,858
2001,Chile,CHL,834
2002,Chile,CHL,1705
2003,Chile,CHL,1549
2004,Chile,CHL,1183
2005,Chile,CHL,929
2006,Chile,CHL,798
2007,Chile,CHL,964
2008,Chile,CHL,988
2009,Chile,CHL,1305
2010,Chile,CHL,1163
2011,Chile,CHL,1182
2012,Chile,CHL,1145
2013,Chile,CHL,588
2014,Chile,CHL,571
2015,Chile,CHL,554
2016,Chile,CHL,495
2017,Chile,CHL,493
2018,Chile,CHL,479
2019,Chile,CHL,486
2020,Chile,CHL,659
2000,China,CHN,110967
2001,China,CHN,117403
2002,China,CHN,132099
2003,China,CHN,132390
2004,China,CHN,134708
2005,China,CHN,124086
2006,China,CHN,140584
2007,China,CHN,149087
2008,China,CHN,175169
2009,China,CHN,180546
2010,China,CHN,184601
2011,China,CHN,190369
2012,China,CHN,193449
2013,China,CHN,195121
2014,China,CHN,210793
2015,China,CHN,212911
2016,China,CHN,207768
2017,China,CHN,207716
2018,China,CHN,212039
2019,China,CHN,212863
2020,China,CHN,175361
2000,Colombia,COL,9278
2001,Colombia,COL,17937
2002,Colombia,COL,30624
2003,Colombia,COL,37992
2004,Colombia,COL,47380
2005,Colombia,COL,60447
2006,Colombia,COL,72793
2007,Colombia,COL,551741
2008,Colombia,COL,373532
2009,Colombia,COL,389753
2010,Colombia,COL,395579
2011,Colombia,COL,395950
2012,Colombia,COL,394112
2013,Colombia,COL,396711
2014,Colombia,COL,360291
2015,Colombia,COL,340116
2016,Colombia,COL,311059
2017,Colombia,COL,191635
2018,Colombia,COL,138583
2019,Colombia,COL,189254
2020,Colombia,COL,189866
2000,Comoros,COM,25
2001,Comoros,COM,25
2002,Comoros,COM,40
2003,Comoros,COM,62
2004,Comoros,COM,52
2005,Comoros,COM,64
2006,Comoros,COM,73
2007,Comoros,COM,93
2008,Comoros,COM,376
2009,Comoros,COM,268
2010,Comoros,COM,365
2011,Comoros,COM,420
2012,Comoros,COM,449
2013,Comoros,COM,509
2014,Comoros,COM,580
2015,Comoros,COM,550
2016,Comoros,COM,572
2017,Comoros,COM,600
2018,Comoros,COM,624
2019,Comoros,COM,658
2020,Comoros,COM,748
2000,Congo,COG,27570
2001,Congo,COG,24237
2002,Congo,COG,27994
2003,Congo,COG,28950
2004,Congo,COG,28140
2005,Congo,COG,24428
2006,Congo,COG,20599
2007,Congo,COG,19726
2008,Congo,COG,19922
2009,Congo,COG,20546
2010,Congo,COG,20682
2011,Congo,COG,12836
2012,Congo,COG,12113
2013,Congo,COG,11744
2014,Congo,COG,14498
2015,Congo,COG,14772
2016,Congo,COG,13291
2017,Congo,COG,13295
2018,Congo,COG,13354
2019,Congo,COG,12743
2020,Congo,COG,12590
2000,Costa Rica,CRI,55
2001,Costa Rica,CRI,86
2002,Costa Rica,CRI,97
2003,Costa Rica,CRI,91
2004,Costa Rica,CRI,136
2005,Costa Rica,CRI,176
2006,Costa Rica,CRI,283
2007,Costa Rica,CRI,361
2008,Costa Rica,CRI,354
2009,Costa Rica,CRI,344
2010,Costa Rica,CRI,352
2011,Costa Rica,CRI,332
2012,Costa Rica,CRI,325
2013,Costa Rica,CRI,463
2014,Costa Rica,CRI,414
2015,Costa Rica,CRI,374
2016,Costa Rica,CRI,202
2017,Costa Rica,CRI,195
2018,Costa Rica,CRI,207
2019,Costa Rica,CRI,206
2020,Costa Rica,CRI,208
2000,Cote d'Ivoire,CIV,771
2001,Cote d'Ivoire,CIV,856
2002,Cote d'Ivoire,CIV,23731
2003,Cote d'Ivoire,CIV,33625
2004,Cote d'Ivoire,CIV,23649
2005,Cote d'Ivoire,CIV,18333
2006,Cote d'Ivoire,CIV,26304
2007,Cote d'Ivoire,CIV,22222
2008,Cote d'Ivoire,CIV,22218
2009,Cote d'Ivoire,CIV,23148
2010,Cote d'Ivoire,CIV,41747
2011,Cote d'Ivoire,CIV,154818
2012,Cote d'Ivoire,CIV,100709
2013,Cote d'Ivoire,CIV,85650
2014,Cote d'Ivoire,CIV,71956
2015,Cote d'Ivoire,CIV,71107
2016,Cote d'Ivoire,CIV,46811
2017,Cote d'Ivoire,CIV,40009
2018,Cote d'Ivoire,CIV,38316
2019,Cote d'Ivoire,CIV,39351
2020,Cote d'Ivoire,CIV,37525
2000,Croatia,HRV,335200
2001,Croatia,HRV,290283
2002,Croatia,HRV,274822
2003,Croatia,HRV,230193
2004,Croatia,HRV,215480
2005,Croatia,HRV,119154
2006,Croatia,HRV,93768
2007,Croatia,HRV,100429
2008,Croatia,HRV,97016
2009,Croatia,HRV,76479
2010,Croatia,HRV,65863
2011,Croatia,HRV,62653
2012,Croatia,HRV,62606
2013,Croatia,HRV,49755
2014,Croatia,HRV,40121
2015,Croatia,HRV,33452
2016,Croatia,HRV,26231
2017,Croatia,HRV,24869
2018,Croatia,HRV,24105
2019,Croatia,HRV,23793
2020,Croatia,HRV,23451
2000,Cuba,CUB,20077
2001,Cuba,CUB,18950
2002,Cuba,CUB,18035
2003,Cuba,CUB,16084
2004,Cuba,CUB,15671
2005,Cuba,CUB,19003
2006,Cuba,CUB,33580
2007,Cuba,CUB,7496
2008,Cuba,CUB,7928
2009,Cuba,CUB,7537
2010,Cuba,CUB,7460
2011,Cuba,CUB,7845
2012,Cuba,CUB,7722
2013,Cuba,CUB,7453
2014,Cuba,CUB,7497
2015,Cuba,CUB,6827
2016,Cuba,CUB,5940
2017,Cuba,CUB,5331
2018,Cuba,CUB,5488
2019,Cuba,CUB,6625
2020,Cuba,CUB,8912
2013,Curacao,CUW,35
2014,Curacao,CUW,35
2015,Curacao,CUW,35
2016,Curacao,CUW,35
2017,Curacao,CUW,35
2018,Curacao,CUW,35
2019,Curacao,CUW,35
2020,Curacao,CUW,35
2000,Cyprus,CYP,12
2001,Cyprus,CYP,5
2002,Cyprus,CYP,5
2003,Cyprus,CYP,5
2005,Cyprus,CYP,5
2006,Cyprus,CYP,5
2007,Cyprus,CYP,10
2008,Cyprus,CYP,10
2009,Cyprus,CYP,10
2010,Cyprus,CYP,10
2011,Cyprus,CYP,10
2012,Cyprus,CYP,10
2013,Cyprus,CYP,10
2014,Cyprus,CYP,10
2018,Cyprus,CYP,7
2000,Czechia,CZE,809
2001,Czechia,CZE,1177
2002,Czechia,CZE,6985
2003,Czechia,CZE,6699
2004,Czechia,CZE,4528
2005,Czechia,CZE,3589
2006,Czechia,CZE,2136
2007,Czechia,CZE,1379
2008,Czechia,CZE,1354
2009,Czechia,CZE,1060
2010,Czechia,CZE,811
2011,Czechia,CZE,758
2012,Czechia,CZE,620
2013,Czechia,CZE,984
2014,Czechia,CZE,1321
2015,Czechia,CZE,1280
2016,Czechia,CZE,1266
2017,Czechia,CZE,1272
2018,Czechia,CZE,1236
2019,Czechia,CZE,1166
2020,Czechia,CZE,1112
2000,Democratic Republic of Congo,COD,371705
2001,Democratic Republic of Congo,COD,392142
2002,Democratic Republic of Congo,COD,421355
2003,Democratic Republic of Congo,COD,453465
2004,Democratic Republic of Congo,COD,462186
2005,Democratic Republic of Congo,COD,430919
2006,Democratic Republic of Congo,COD,401908
2007,Democratic Republic of Congo,COD,370372
2008,Democratic Republic of Congo,COD,367991
2009,Democratic Republic of Congo,COD,455852
2010,Democratic Republic of Congo,COD,476691
2011,Democratic Republic of Congo,COD,491470
2012,Democratic Republic of Congo,COD,509275
2013,Democratic Republic of Congo,COD,499551
2014,Democratic Republic of Congo,COD,516765
2015,Democratic Republic of Congo,COD,541487
2016,Democratic Republic of Congo,COD,537474
2017,Democratic Republic of Congo,COD,620805
2018,Democratic Republic of Congo,COD,720302
2019,Democratic Republic of Congo,COD,802974
2020,Democratic Republic of Congo,COD,840392
2000,Denmark,DNK,26
2001,Denmark,DNK,5
2002,Denmark,DNK,6
2003,Denmark,DNK,10
2004,Denmark,DNK,10
2005,Denmark,DNK,10
2006,Denmark,DNK,10
2007,Denmark,DNK,15
2008,Denmark,DNK,10
2009,Denmark,DNK,10
2010,Denmark,DNK,6
2011,Denmark,DNK,6
2012,Denmark,DNK,6
2013,Denmark,DNK,6
2014,Denmark,DNK,11
2015,Denmark,DNK,11
2019,Denmark,DNK,5
2020,Denmark,DNK,5
2000,Djibouti,DJI,1911
2001,Djibouti,DJI,451
2002,Djibouti,DJI,470
2003,Djibouti,DJI,520
2004,Djibouti,DJI,492
2005,Djibouti,DJI,498
2006,Djibouti,DJI,479
2007,Djibouti,DJI,645
2008,Djibouti,DJI,638
2009,Djibouti,DJI,613
2010,Djibouti,DJI,556
2011,Djibouti,DJI,595
2012,Djibouti,DJI,626
2013,Djibouti,DJI,747
2014,Djibouti,DJI,870
2015,Djibouti,DJI,1059
2016,Djibouti,DJI,1437
2017,Djibouti,DJI,1761
2018,Djibouti,DJI,2124
2019,Djibouti,DJI,2351
2020,Djibouti,DJI,2419
2001,Dominica,DMA,5
2002,Dominica,DMA,6
2003,Dominica,DMA,17
2004,Dominica,DMA,24
2005,Dominica,DMA,30
2006,Dominica,DMA,49
2007,Dominica,DMA,58
2008,Dominica,DMA,56
2009,Dominica,DMA,51
2010,Dominica,DMA,51
2011,Dominica,DMA,49
2012,Dominica,DMA,52
2013,Dominica,DMA,41
2014,Dominica,DMA,35
2015,Dominica,DMA,35
2016,Dominica,DMA,20
2017,Dominica,DMA,26
2018,Dominica,DMA,36
2019,Dominica,DMA,50
2020,Dominica,DMA,55
2000,Dominican Republic,DOM,48
2001,Dominican Republic,DOM,45
2002,Dominican Republic,DOM,82
2003,Dominican Republic,DOM,89
2004,Dominican Republic,DOM,93
2005,Dominican Republic,DOM,62
2006,Dominican Republic,DOM,141
2007,Dominican Republic,DOM,352
2008,Dominican Republic,DOM,313
2009,Dominican Republic,DOM,222
2010,Dominican Republic,DOM,238
2011,Dominican Republic,DOM,239
2012,Dominican Republic,DOM,280
2013,Dominican Republic,DOM,298
2014,Dominican Republic,DOM,348
2015,Dominican Republic,DOM,382
2016,Dominican Republic,DOM,359
2017,Dominican Republic,DOM,427
2018,Dominican Republic,DOM,472
2019,Dominican Republic,DOM,546
2020,Dominican Republic,DOM,550
2000,East Timor,TLS,122202
2001,East Timor,TLS,73042
2002,East Timor,TLS,28097
2003,East Timor,TLS,127
2004,East Timor,TLS,221
2005,East Timor,TLS,251
2006,East Timor,TLS,251
2007,East Timor,TLS,6
2008,East Timor,TLS,7
2009,East Timor,TLS,7
2010,East Timor,TLS,8
2011,East Timor,TLS,8
2012,East Timor,TLS,8
2013,East Timor,TLS,8
2014,East Timor,TLS,13
2015,East Timor,TLS,19
2016,East Timor,TLS,19
2017,East Timor,TLS,13
2018,East Timor,TLS,12
2019,East Timor,TLS,17
2020,East Timor,TLS,11
2000,Ecuador,ECU,669
2001,Ecuador,ECU,649
2002,Ecuador,ECU,815
2003,Ecuador,ECU,720
2004,Ecuador,ECU,718
2005,Ecuador,ECU,772
2006,Ecuador,ECU,878
2007,Ecuador,ECU,1329
2008,Ecuador,ECU,1063
2009,Ecuador,ECU,1029
2010,Ecuador,ECU,859
2011,Ecuador,ECU,912
2012,Ecuador,ECU,848
2013,Ecuador,ECU,711
2014,Ecuador,ECU,807
2015,Ecuador,ECU,1006
2016,Ecuador,ECU,1041
2017,Ecuador,ECU,1251
2018,Ecuador,ECU,1424
2019,Ecuador,ECU,1644
2020,Ecuador,ECU,1689
2000,Egypt,EGY,3954
2001,Egypt,EGY,4677
2002,Egypt,EGY,6442
2003,Egypt,EGY,5734
2004,Egypt,EGY,5361
2005,Egypt,EGY,6288
2006,Egypt,EGY,7608
2007,Egypt,EGY,6789
2008,Egypt,EGY,6777
2009,Egypt,EGY,6983
2010,Egypt,EGY,6903
2011,Egypt,EGY,7922
2012,Egypt,EGY,10014
2013,Egypt,EGY,12804
2014,Egypt,EGY,15899
2015,Egypt,EGY,17929
2016,Egypt,EGY,19792
2017,Egypt,EGY,22106
2018,Egypt,EGY,24850
2019,Egypt,EGY,27416
2020,Egypt,EGY,26553
2000,El Salvador,SLV,7753
2001,El Salvador,SLV,7147
2002,El Salvador,SLV,6630
2003,El Salvador,SLV,5658
2004,El Salvador,SLV,4497
2005,El Salvador,SLV,4283
2006,El Salvador,SLV,6390
2007,El Salvador,SLV,6026
2008,El Salvador,SLV,5154
2009,El Salvador,SLV,5053
2010,El Salvador,SLV,4978
2011,El Salvador,SLV,6725
2012,El Salvador,SLV,8173
2013,El Salvador,SLV,9634
2014,El Salvador,SLV,10968
2015,El Salvador,SLV,14778
2016,El Salvador,SLV,19617
2017,El Salvador,SLV,25876
2018,El Salvador,SLV,32562
2019,El Salvador,SLV,41816
2020,El Salvador,SLV,45640
2000,Equatorial Guinea,GNQ,504
2001,Equatorial Guinea,GNQ,526
2002,Equatorial Guinea,GNQ,549
2003,Equatorial Guinea,GNQ,584
2004,Equatorial Guinea,GNQ,540
2005,Equatorial Guinea,GNQ,478
2006,Equatorial Guinea,GNQ,460
2007,Equatorial Guinea,GNQ,402
2008,Equatorial Guinea,GNQ,381
2009,Equatorial Guinea,GNQ,341
2010,Equatorial Guinea,GNQ,306
2011,Equatorial Guinea,GNQ,261
2012,Equatorial Guinea,GNQ,230
2013,Equatorial Guinea,GNQ,196
2014,Equatorial Guinea,GNQ,168
2015,Equatorial Guinea,GNQ,142
2016,Equatorial Guinea,GNQ,131
2017,Equatorial Guinea,GNQ,127
2018,Equatorial Guinea,GNQ,140
2019,Equatorial Guinea,GNQ,156
2020,Equatorial Guinea,GNQ,145
2000,Eritrea,ERI,376847
2001,Eritrea,ERI,333222
2002,Eritrea,ERI,318167
2003,Eritrea,ERI,124111
2004,Eritrea,ERI,131108
2005,Eritrea,ERI,144062
2006,Eritrea,ERI,193738
2007,Eritrea,ERI,208747
2008,Eritrea,ERI,186392
2009,Eritrea,ERI,209164
2010,Eritrea,ERI,222457
2011,Eritrea,ERI,251941
2012,Eritrea,ERI,285356
2013,Eritrea,ERI,308210
2014,Eritrea,ERI,363081
2015,Eritrea,ERI,407428
2016,Eritrea,ERI,457247
2017,Eritrea,ERI,486209
2018,Eritrea,ERI,507260
2019,Eritrea,ERI,504300
2020,Eritrea,ERI,524738
2000,Estonia,EST,460
2001,Estonia,EST,483
2002,Estonia,EST,1058
2003,Estonia,EST,1021
2004,Estonia,EST,849
2005,Estonia,EST,738
2006,Estonia,EST,622
2007,Estonia,EST,258
2008,Estonia,EST,248
2009,Estonia,EST,249
2010,Estonia,EST,242
2011,Estonia,EST,225
2012,Estonia,EST,455
2013,Estonia,EST,349
2014,Estonia,EST,340
2015,Estonia,EST,315
2016,Estonia,EST,303
2017,Estonia,EST,288
2018,Estonia,EST,281
2019,Estonia,EST,274
2020,Estonia,EST,277
2000,Eswatini,SWZ,16
2001,Eswatini,SWZ,15
2002,Eswatini,SWZ,20
2004,Eswatini,SWZ,6
2005,Eswatini,SWZ,12
2006,Eswatini,SWZ,16
2007,Eswatini,SWZ,21
2008,Eswatini,SWZ,28
2009,Eswatini,SWZ,28
2010,Eswatini,SWZ,32
2011,Eswatini,SWZ,39
2012,Eswatini,SWZ,59
2013,Eswatini,SWZ,103
2014,Eswatini,SWZ,151
2015,Eswatini,SWZ,213
2016,Eswatini,SWZ,224
2017,Eswatini,SWZ,231
2018,Eswatini,SWZ,237
2019,Eswatini,SWZ,224
2020,Eswatini,SWZ,198
2000,Ethiopia,ETH,66396
2001,Ethiopia,ETH,58980
2002,Ethiopia,ETH,61235
2003,Ethiopia,ETH,62674
2004,Ethiopia,ETH,63153
2005,Ethiopia,ETH,65447
2006,Ethiopia,ETH,74007
2007,Ethiopia,ETH,59845
2008,Ethiopia,ETH,63863
2009,Ethiopia,ETH,62877
2010,Ethiopia,ETH,68838
2011,Ethiopia,ETH,70601
2012,Ethiopia,ETH,74964
2013,Ethiopia,ETH,77109
2014,Ethiopia,ETH,86857
2015,Ethiopia,ETH,85839
2016,Ethiopia,ETH,83958
2017,Ethiopia,ETH,87448
2018,Ethiopia,ETH,92232
2019,Ethiopia,ETH,93467
2020,Ethiopia,ETH,151426
2000,Fiji,FJI,401
2001,Fiji,FJI,731
2002,Fiji,FJI,1071
2003,Fiji,FJI,1088
2004,Fiji,FJI,1280
2005,Fiji,FJI,1376
2006,Fiji,FJI,1681
2007,Fiji,FJI,1824
2008,Fiji,FJI,1862
2009,Fiji,FJI,1888
2010,Fiji,FJI,1849
2011,Fiji,FJI,1576
2012,Fiji,FJI,1314
2013,Fiji,FJI,1109
2014,Fiji,FJI,927
2015,Fiji,FJI,887
2016,Fiji,FJI,791
2017,Fiji,FJI,734
2018,Fiji,FJI,675
2019,Fiji,FJI,591
2020,Fiji,FJI,516
2000,Finland,FIN,5
2002,Finland,FIN,8
2003,Finland,FIN,6
2005,Finland,FIN,5
2006,Finland,FIN,10
2007,Finland,FIN,5
2009,Finland,FIN,6
2010,Finland,FIN,6
2011,Finland,FIN,6
2012,Finland,FIN,5
2013,Finland,FIN,5
2014,Finland,FIN,5
2015,Finland,FIN,10
2016,Finland,FIN,5
2017,Finland,FIN,5
2018,Finland,FIN,5
2000,France,FRA,74
2001,France,FRA,41
2002,France,FRA,92
2003,France,FRA,110
2004,France,FRA,112
2005,France,FRA,286
2006,France,FRA,79
2007,France,FRA,99
2008,France,FRA,97
2009,France,FRA,80
2010,France,FRA,90
2011,France,FRA,92
2012,France,FRA,94
2013,France,FRA,92
2014,France,FRA,84
2015,France,FRA,90
2016,France,FRA,50
2017,France,FRA,54
2018,France,FRA,59
2019,France,FRA,50
2020,France,FRA,49
2000,Gabon,GAB,27
2001,Gabon,GAB,24
2002,Gabon,GAB,34
2003,Gabon,GAB,37
2004,Gabon,GAB,50
2005,Gabon,GAB,78
2006,Gabon,GAB,96
2007,Gabon,GAB,116
2008,Gabon,GAB,132
2009,Gabon,GAB,145
2010,Gabon,GAB,167
2011,Gabon,GAB,180
2012,Gabon,GAB,189
2013,Gabon,GAB,180
2014,Gabon,GAB,179
2015,Gabon,GAB,174
2016,Gabon,GAB,167
2017,Gabon,GAB,216
2018,Gabon,GAB,342
2019,Gabon,GAB,440
2020,Gabon,GAB,454
2000,Gambia,GMB,751
2001,Gambia,GMB,732
2002,Gambia,GMB,858
2003,Gambia,GMB,744
2004,Gambia,GMB,684
2005,Gambia,GMB,1680
2006,Gambia,GMB,1249
2007,Gambia,GMB,1257
2008,Gambia,GMB,1336
2009,Gambia,GMB,1966
2010,Gambia,GMB,2233
2011,Gambia,GMB,2572
2012,Gambia,GMB,3063
2013,Gambia,GMB,3382
2014,Gambia,GMB,5122
2015,Gambia,GMB,8473
2016,Gambia,GMB,11589
2017,Gambia,GMB,14564
2018,Gambia,GMB,17237
2019,Gambia,GMB,17813
2020,Gambia,GMB,10579
2000,Georgia,GEO,21818
2001,Georgia,GEO,17490
2002,Georgia,GEO,16970
2003,Georgia,GEO,12488
2004,Georgia,GEO,6620
2005,Georgia,GEO,7289
2006,Georgia,GEO,6337
2007,Georgia,GEO,11805
2008,Georgia,GEO,12597
2009,Georgia,GEO,15015
2010,Georgia,GEO,10636
2011,Georgia,GEO,10115
2012,Georgia,GEO,9266
2013,Georgia,GEO,6787
2014,Georgia,GEO,6687
2015,Georgia,GEO,6505
2016,Georgia,GEO,6405
2017,Georgia,GEO,6535
2018,Georgia,GEO,6983
2019,Georgia,GEO,7519
2020,Georgia,GEO,7346
2000,Germany,DEU,1182
2001,Germany,DEU,1028
2002,Germany,DEU,924
2003,Germany,DEU,719
2004,Germany,DEU,74
2005,Germany,DEU,75
2006,Germany,DEU,114
2007,Germany,DEU,126
2008,Germany,DEU,162
2009,Germany,DEU,167
2010,Germany,DEU,159
2011,Germany,DEU,169
2012,Germany,DEU,174
2013,Germany,DEU,164
2014,Germany,DEU,170
2015,Germany,DEU,153
2016,Germany,DEU,67
2017,Germany,DEU,66
2018,Germany,DEU,61
2019,Germany,DEU,69
2020,Germany,DEU,71
2000,Ghana,GHA,14760
2001,Ghana,GHA,14547
2002,Ghana,GHA,15675
2003,Ghana,GHA,15866
2004,Ghana,GHA,14759
2005,Ghana,GHA,18421
2006,Ghana,GHA,9949
2007,Ghana,GHA,5042
2008,Ghana,GHA,13225
2009,Ghana,GHA,14876
2010,Ghana,GHA,20175
2011,Ghana,GHA,20333
2012,Ghana,GHA,24269
2013,Ghana,GHA,21048
2014,Ghana,GHA,22116
2015,Ghana,GHA,22962
2016,Ghana,GHA,15527
2017,Ghana,GHA,16959
2018,Ghana,GHA,18071
2019,Ghana,GHA,18432
2020,Ghana,GHA,13844
2000,Greece,GRC,124
2001,Greece,GRC,93
2002,Greece,GRC,296
2003,Greece,GRC,268
2004,Greece,GRC,221
2005,Greece,GRC,333
2006,Greece,GRC,93
2007,Greece,GRC,92
2008,Greece,GRC,67
2009,Greece,GRC,61
2010,Greece,GRC,52
2011,Greece,GRC,54
2012,Greece,GRC,48
2013,Greece,GRC,88
2014,Greece,GRC,108
2015,Greece,GRC,111
2016,Greece,GRC,101
2017,Greece,GRC,106
2018,Greece,GRC,107
2019,Greece,GRC,95
2020,Greece,GRC,90
2000,Grenada,GRD,23
2001,Grenada,GRD,53
2002,Grenada,GRD,73
2003,Grenada,GRD,76
2004,Grenada,GRD,98
2005,Grenada,GRD,151
2006,Grenada,GRD,199
2007,Grenada,GRD,293
2008,Grenada,GRD,310
2009,Grenada,GRD,332
2010,Grenada,GRD,344
2011,Grenada,GRD,325
2012,Grenada,GRD,316
2013,Grenada,GRD,330
2014,Grenada,GRD,324
2015,Grenada,GRD,270
2016,Grenada,GRD,100
2017,Grenada,GRD,103
2018,Grenada,GRD,96
2019,Grenada,GRD,80
2020,Grenada,GRD,70
2000,Guatemala,GTM,20709
2001,Guatemala,GTM,16868
2002,Guatemala,GTM,13892
2003,Guatemala,GTM,6696
2004,Guatemala,GTM,4374
2005,Guatemala,GTM,3376
2006,Guatemala,GTM,6493
2007,Guatemala,GTM,6157
2008,Guatemala,GTM,5927
2009,Guatemala,GTM,5763
2010,Guatemala,GTM,5675
2011,Guatemala,GTM,6087
2012,Guatemala,GTM,6389
2013,Guatemala,GTM,6620
2014,Guatemala,GTM,7487
2015,Guatemala,GTM,10284
2016,Guatemala,GTM,12549
2017,Guatemala,GTM,16284
2018,Guatemala,GTM,19128
2019,Guatemala,GTM,22770
2020,Guatemala,GTM,24544
2000,Guinea,GIN,1489
2001,Guinea,GIN,2009
2002,Guinea,GIN,3417
2003,Guinea,GIN,3868
2004,Guinea,GIN,4777
2005,Guinea,GIN,5816
2006,Guinea,GIN,6830
2007,Guinea,GIN,8269
2008,Guinea,GIN,9481
2009,Guinea,GIN,10912
2010,Guinea,GIN,11978
2011,Guinea,GIN,13164
2012,Guinea,GIN,14062
2013,Guinea,GIN,14559
2014,Guinea,GIN,15247
2015,Guinea,GIN,16995
2016,Guinea,GIN,17536
2017,Guinea,GIN,20333
2018,Guinea,GIN,23493
2019,Guinea,GIN,26857
2020,Guinea,GIN,26792
2000,Guinea-Bissau,GNB,880
2001,Guinea-Bissau,GNB,917
2002,Guinea-Bissau,GNB,978
2003,Guinea-Bissau,GNB,969
2004,Guinea-Bissau,GNB,1008
2005,Guinea-Bissau,GNB,1042
2006,Guinea-Bissau,GNB,1000
2007,Guinea-Bissau,GNB,1018
2008,Guinea-Bissau,GNB,1053
2009,Guinea-Bissau,GNB,1100
2010,Guinea-Bissau,GNB,1117
2011,Guinea-Bissau,GNB,1118
2012,Guinea-Bissau,GNB,1173
2013,Guinea-Bissau,GNB,1222
2014,Guinea-Bissau,GNB,1306
2015,Guinea-Bissau,GNB,1472
2016,Guinea-Bissau,GNB,1650
2017,Guinea-Bissau,GNB,1870
2018,Guinea-Bissau,GNB,2043
2019,Guinea-Bissau,GNB,2093
2020,Guinea-Bissau,GNB,1638
2000,Guyana,GUY,35
2001,Guyana,GUY,36
2002,Guyana,GUY,50
2003,Guyana,GUY,75
2004,Guyana,GUY,191
2005,Guyana,GUY,405
2006,Guyana,GUY,535
2007,Guyana,GUY,676
2008,Guyana,GUY,707
2009,Guyana,GUY,724
2010,Guyana,GUY,746
2011,Guyana,GUY,768
2012,Guyana,GUY,800
2013,Guyana,GUY,800
2014,Guyana,GUY,700
2015,Guyana,GUY,508
2016,Guyana,GUY,269
2017,Guyana,GUY,260
2018,Guyana,GUY,283
2019,Guyana,GUY,284
2020,Guyana,GUY,267
2000,Haiti,HTI,7564
2001,Haiti,HTI,7246
2002,Haiti,HTI,7722
2003,Haiti,HTI,7550
2004,Haiti,HTI,9209
2005,Haiti,HTI,13538
2006,Haiti,HTI,20834
2007,Haiti,HTI,22275
2008,Haiti,HTI,23059
2009,Haiti,HTI,24110
2010,Haiti,HTI,25886
2011,Haiti,HTI,33652
2012,Haiti,HTI,38559
2013,Haiti,HTI,38644
2014,Haiti,HTI,37147
2015,Haiti,HTI,34762
2016,Haiti,HTI,29671
2017,Haiti,HTI,28424
2018,Haiti,HTI,27517
2019,Haiti,HTI,26734
2020,Haiti,HTI,25649
2000,Honduras,HND,904
2001,Honduras,HND,783
2002,Honduras,HND,675
2003,Honduras,HND,606
2004,Honduras,HND,485
2005,Honduras,HND,536
2006,Honduras,HND,1035
2007,Honduras,HND,1236
2008,Honduras,HND,1116
2009,Honduras,HND,1165
2010,Honduras,HND,1300
2011,Honduras,HND,1967
2012,Honduras,HND,2612
2013,Honduras,HND,3299
2014,Honduras,HND,4157
2015,Honduras,HND,6847
2016,Honduras,HND,10509
2017,Honduras,HND,14424
2018,Honduras,HND,18857
2019,Honduras,HND,26351
2020,Honduras,HND,34456
2000,Hong Kong,HKG,10
2001,Hong Kong,HKG,5
2003,Hong Kong,HKG,6
2004,Hong Kong,HKG,7
2006,Hong Kong,HKG,8
2007,Hong Kong,HKG,9
2008,Hong Kong,HKG,9
2009,Hong Kong,HKG,10
2010,Hong Kong,HKG,16
2011,Hong Kong,HKG,14
2012,Hong Kong,HKG,18
2013,Hong Kong,HKG,24
2014,Hong Kong,HKG,25
2015,Hong Kong,HKG,33
2016,Hong Kong,HKG,15
2017,Hong Kong,HKG,11
2018,Hong Kong,HKG,11
2019,Hong Kong,HKG,5
2020,Hong Kong,HKG,15
2000,Hungary,HUN,512
2001,Hungary,HUN,949
2002,Hungary,HUN,3515
2003,Hungary,HUN,3394
2004,Hungary,HUN,2747
2005,Hungary,HUN,3516
2006,Hungary,HUN,3117
2007,Hungary,HUN,3384
2008,Hungary,HUN,1612
2009,Hungary,HUN,1535
2010,Hungary,HUN,1435
2011,Hungary,HUN,1234
2012,Hungary,HUN,1085
2013,Hungary,HUN,1218
2014,Hungary,HUN,1264
2015,Hungary,HUN,1447
2016,Hungary,HUN,2909
2017,Hungary,HUN,3336
2018,Hungary,HUN,3927
2019,Hungary,HUN,4007
2020,Hungary,HUN,4617
2000,Iceland,ISL,5
2002,Iceland,ISL,13
2003,Iceland,ISL,11
2004,Iceland,ISL,8
2005,Iceland,ISL,10
2006,Iceland,ISL,32
2007,Iceland,ISL,10
2008,Iceland,ISL,10
2009,Iceland,ISL,5
2010,Iceland,ISL,5
2017,Iceland,ISL,5
2018,Iceland,ISL,5
2019,Iceland,ISL,5
2020,Iceland,ISL,5
2000,India,IND,11397
2001,India,IND,11560
2002,India,IND,14349
2003,India,IND,13703
2004,India,IND,13335
2005,India,IND,16275
2006,India,IND,17797
2007,India,IND,20455
2008,India,IND,19551
2009,India,IND,19496
2010,India,IND,17766
2011,India,IND,16226
2012,India,IND,14245
2013,India,IND,11032
2014,India,IND,10431
2015,India,IND,9882
2016,India,IND,7288
2017,India,IND,7926
2018,India,IND,9586
2019,India,IND,11787
2020,India,IND,12398
2000,Indonesia,IDN,9152
2001,Indonesia,IDN,8972
2002,Indonesia,IDN,9907
2003,Indonesia,IDN,16240
2004,Indonesia,IDN,27919
2005,Indonesia,IDN,34383
2006,Indonesia,IDN,34722
2007,Indonesia,IDN,20549
2008,Indonesia,IDN,19339
2009,Indonesia,IDN,18207
2010,Indonesia,IDN,16882
2011,Indonesia,IDN,16069
2012,Indonesia,IDN,15514
2013,Indonesia,IDN,14775
2014,Indonesia,IDN,14393
2015,Indonesia,IDN,13947
2016,Indonesia,IDN,13056
2017,Indonesia,IDN,12485
2018,Indonesia,IDN,12148
2019,Indonesia,IDN,12039
2020,Indonesia,IDN,13029
2000,Iran,IRN,88266
2001,Iran,IRN,92490
2002,Iran,IRN,138362
2003,Iran,IRN,122530
2004,Iran,IRN,115171
2005,Iran,IRN,99430
2006,Iran,IRN,102479
2007,Iran,IRN,68398
2008,Iran,IRN,69051
2009,Iran,IRN,72771
2010,Iran,IRN,68785
2011,Iran,IRN,72366
2012,Iran,IRN,75932
2013,Iran,IRN,75061
2014,Iran,IRN,82202
2015,Iran,IRN,84950
2016,Iran,IRN,94102
2017,Iran,IRN,118639
2018,Iran,IRN,129941
2019,Iran,IRN,128998
2020,Iran,IRN,135018
2000,Iraq,IRQ,526165
2001,Iraq,IRQ,530508
2002,Iraq,IRQ,422504
2003,Iraq,IRQ,368577
2004,Iraq,IRQ,311889
2005,Iraq,IRQ,262302
2006,Iraq,IRQ,1450908
2007,Iraq,IRQ,2309246
2008,Iraq,IRQ,1903516
2009,Iraq,IRQ,1785215
2010,Iraq,IRQ,1683576
2011,Iraq,IRQ,1428306
2012,Iraq,IRQ,746204
2013,Iraq,IRQ,401461
2014,Iraq,IRQ,369960
2015,Iraq,IRQ,264086
2016,Iraq,IRQ,316056
2017,Iraq,IRQ,362536
2018,Iraq,IRQ,372332
2019,Iraq,IRQ,336274
2020,Iraq,IRQ,333200
2000,Ireland,IRL,5
2001,Ireland,IRL,5
2002,Ireland,IRL,5
2003,Ireland,IRL,6
2004,Ireland,IRL,5
2005,Ireland,IRL,23
2006,Ireland,IRL,5
2007,Ireland,IRL,9
2008,Ireland,IRL,7
2009,Ireland,IRL,7
2010,Ireland,IRL,7
2011,Ireland,IRL,7
2012,Ireland,IRL,7
2013,Ireland,IRL,7
2014,Ireland,IRL,7
2015,Ireland,IRL,5
2000,Israel,ISR,414
2001,Israel,ISR,361
2002,Israel,ISR,561
2003,Israel,ISR,626
2004,Israel,ISR,669
2005,Israel,ISR,624
2006,Israel,ISR,876
2007,Israel,ISR,1539
2008,Israel,ISR,1486
2009,Israel,ISR,1298
2010,Israel,ISR,1290
2011,Israel,ISR,1323
2012,Israel,ISR,1326
2013,Israel,ISR,1026
2014,Israel,ISR,967
2015,Israel,ISR,787
2016,Israel,ISR,487
2017,Israel,ISR,469
2018,Israel,ISR,492
2019,Israel,ISR,452
2020,Israel,ISR,373
2000,Italy,ITA,46
2001,Italy,ITA,36
2002,Italy,ITA,223
2003,Italy,ITA,208
2004,Italy,ITA,192
2005,Italy,ITA,219
2006,Italy,ITA,106
2007,Italy,ITA,84
2008,Italy,ITA,57
2009,Italy,ITA,42
2010,Italy,ITA,45
2011,Italy,ITA,57
2012,Italy,ITA,65
2013,Italy,ITA,64
2014,Italy,ITA,63
2015,Italy,ITA,69
2016,Italy,ITA,49
2017,Italy,ITA,52
2018,Italy,ITA,69
2019,Italy,ITA,76
2020,Italy,ITA,62
2000,Jamaica,JAM,37
2001,Jamaica,JAM,37
2002,Jamaica,JAM,147
2003,Jamaica,JAM,260
2004,Jamaica,JAM,350
2005,Jamaica,JAM,489
2006,Jamaica,JAM,661
2007,Jamaica,JAM,766
2008,Jamaica,JAM,825
2009,Jamaica,JAM,908
2010,Jamaica,JAM,1055
2011,Jamaica,JAM,1248
2012,Jamaica,JAM,1404
2013,Jamaica,JAM,1501
2014,Jamaica,JAM,1682
2015,Jamaica,JAM,1857
2016,Jamaica,JAM,1998
2017,Jamaica,JAM,2224
2018,Jamaica,JAM,2448
2019,Jamaica,JAM,2529
2020,Jamaica,JAM,2526
2000,Japan,JPN,5
2001,Japan,JPN,5
2002,Japan,JPN,14
2003,Japan,JPN,17
2004,Japan,JPN,19
2005,Japan,JPN,10
2006,Japan,JPN,166
2007,Japan,JPN,519
2008,Japan,JPN,183
2009,Japan,JPN,148
2010,Japan,JPN,149
2011,Japan,JPN,176
2012,Japan,JPN,173
2013,Japan,JPN,154
2014,Japan,JPN,257
2015,Japan,JPN,140
2016,Japan,JPN,53
2017,Japan,JPN,44
2018,Japan,JPN,42
2019,Japan,JPN,39
2020,Japan,JPN,40
2000,Jordan,JOR,915
2001,Jordan,JOR,773
2002,Jordan,JOR,1280
2003,Jordan,JOR,1149
2004,Jordan,JOR,1158
2005,Jordan,JOR,1778
2006,Jordan,JOR,1592
2007,Jordan,JOR,1777
2008,Jordan,JOR,1882
2009,Jordan,JOR,2109
2010,Jordan,JOR,2248
2011,Jordan,JOR,2242
2012,Jordan,JOR,2363
2013,Jordan,JOR,1622
2014,Jordan,JOR,1711
2015,Jordan,JOR,1836
2016,Jordan,JOR,1919
2017,Jordan,JOR,2119
2018,Jordan,JOR,2430
2019,Jordan,JOR,2308
2020,Jordan,JOR,2486
2000,Kazakhstan,KAZ,2537
2001,Kazakhstan,KAZ,2803
2002,Kazakhstan,KAZ,6317
2003,Kazakhstan,KAZ,6563
2004,Kazakhstan,KAZ,6124
2005,Kazakhstan,KAZ,4321
2006,Kazakhstan,KAZ,7374
2007,Kazakhstan,KAZ,5232
2008,Kazakhstan,KAZ,4825
2009,Kazakhstan,KAZ,3741
2010,Kazakhstan,KAZ,3631
2011,Kazakhstan,KAZ,3497
2012,Kazakhstan,KAZ,3567
2013,Kazakhstan,KAZ,2114
2014,Kazakhstan,KAZ,2219
2015,Kazakhstan,KAZ,2263
2016,Kazakhstan,KAZ,2366
2017,Kazakhstan,KAZ,2406
2018,Kazakhstan,KAZ,2520
2019,Kazakhstan,KAZ,2757
2020,Kazakhstan,KAZ,2741
2000,Kenya,KEN,2367
2001,Kenya,KEN,2551
2002,Kenya,KEN,3089
2003,Kenya,KEN,3159
2004,Kenya,KEN,3842
2005,Kenya,KEN,4638
2006,Kenya,KEN,5356
2007,Kenya,KEN,7544
2008,Kenya,KEN,9682
2009,Kenya,KEN,9609
2010,Kenya,KEN,8585
2011,Kenya,KEN,8731
2012,Kenya,KEN,8946
2013,Kenya,KEN,8580
2014,Kenya,KEN,8546
2015,Kenya,KEN,7902
2016,Kenya,KEN,7526
2017,Kenya,KEN,7567
2018,Kenya,KEN,7480
2019,Kenya,KEN,7705
2020,Kenya,KEN,7422
2003,Kiribati,KIR,15
2004,Kiribati,KIR,31
2005,Kiribati,KIR,31
2006,Kiribati,KIR,39
2007,Kiribati,KIR,36
2008,Kiribati,KIR,36
2009,Kiribati,KIR,31
2010,Kiribati,KIR,31
2011,Kiribati,KIR,31
2012,Kiribati,KIR,34
2013,Kiribati,KIR,21
2014,Kiribati,KIR,5
2000,Kuwait,KWT,688
2001,Kuwait,KWT,696
2002,Kuwait,KWT,705
2003,Kuwait,KWT,615
2004,Kuwait,KWT,391
2005,Kuwait,KWT,374
2006,Kuwait,KWT,610
2007,Kuwait,KWT,741
2008,Kuwait,KWT,847
2009,Kuwait,KWT,936
2010,Kuwait,KWT,986
2011,Kuwait,KWT,1112
2012,Kuwait,KWT,1189
2013,Kuwait,KWT,971
2014,Kuwait,KWT,974
2015,Kuwait,KWT,1076
2016,Kuwait,KWT,1013
2017,Kuwait,KWT,1097
2018,Kuwait,KWT,1251
2019,Kuwait,KWT,1300
2020,Kuwait,KWT,1422
2000,Kyrgyzstan,KGZ,747
2001,Kyrgyzstan,KGZ,687
2002,Kyrgyzstan,KGZ,2952
2003,Kyrgyzstan,KGZ,3142
2004,Kyrgyzstan,KGZ,3286
2005,Kyrgyzstan,KGZ,3127
2006,Kyrgyzstan,KGZ,2493
2007,Kyrgyzstan,KGZ,2257
2008,Kyrgyzstan,KGZ,2526
2009,Kyrgyzstan,KGZ,2611
2010,Kyrgyzstan,KGZ,2748
2011,Kyrgyzstan,KGZ,3163
2012,Kyrgyzstan,KGZ,3490
2013,Kyrgyzstan,KGZ,2299
2014,Kyrgyzstan,KGZ,2449
2015,Kyrgyzstan,KGZ,2498
2016,Kyrgyzstan,KGZ,2571
2017,Kyrgyzstan,KGZ,2771
2018,Kyrgyzstan,KGZ,2934
2019,Kyrgyzstan,KGZ,2963
2020,Kyrgyzstan,KGZ,2883
2000,Laos,LAO,16090
2001,Laos,LAO,12625
2002,Laos,LAO,11233
2003,Laos,LAO,10360
2004,Laos,LAO,16114
2005,Laos,LAO,24441
2006,Laos,LAO,26445
2007,Laos,LAO,10012
2008,Laos,LAO,8596
2009,Laos,LAO,8397
2010,Laos,LAO,8412
2011,Laos,LAO,8086
2012,Laos,LAO,7981
2013,Laos,LAO,7736
2014,Laos,LAO,7476
2015,Laos,LAO,7359
2016,Laos,LAO,7229
2017,Laos,LAO,7056
2018,Laos,LAO,6943
2019,Laos,LAO,6757
2020,Laos,LAO,6665
2000,Latvia,LVA,484
2001,Latvia,LVA,610
2002,Latvia,LVA,3080
2003,Latvia,LVA,3173
2004,Latvia,LVA,2822
2005,Latvia,LVA,2428
2006,Latvia,LVA,1424
2007,Latvia,LVA,660
2008,Latvia,LVA,765
2009,Latvia,LVA,787
2010,Latvia,LVA,712
2011,Latvia,LVA,706
2012,Latvia,LVA,662
2013,Latvia,LVA,228
2014,Latvia,LVA,206
2015,Latvia,LVA,187
2016,Latvia,LVA,165
2017,Latvia,LVA,162
2018,Latvia,LVA,152
2019,Latvia,LVA,144
2020,Latvia,LVA,143
2000,Lebanon,LBN,10208
2001,Lebanon,LBN,8754
2002,Lebanon,LBN,26313
2003,Lebanon,LBN,24929
2004,Lebanon,LBN,19854
2005,Lebanon,LBN,18325
2006,Lebanon,LBN,12249
2007,Lebanon,LBN,13089
2008,Lebanon,LBN,12966
2009,Lebanon,LBN,16250
2010,Lebanon,LBN,15864
2011,Lebanon,LBN,15004
2012,Lebanon,LBN,15100
2013,Lebanon,LBN,3809
2014,Lebanon,LBN,4262
2015,Lebanon,LBN,4353
2016,Lebanon,LBN,4719
2017,Lebanon,LBN,5301
2018,Lebanon,LBN,5620
2019,Lebanon,LBN,5647
2020,Lebanon,LBN,5495
2002,Lesotho,LSO,5
2003,Lesotho,LSO,5
2004,Lesotho,LSO,5
2006,Lesotho,LSO,5
2007,Lesotho,LSO,5
2008,Lesotho,LSO,5
2009,Lesotho,LSO,5
2010,Lesotho,LSO,5
2011,Lesotho,LSO,5
2012,Lesotho,LSO,5
2013,Lesotho,LSO,10
2014,Lesotho,LSO,16
2015,Lesotho,LSO,16
2016,Lesotho,LSO,5
2017,Lesotho,LSO,6
2018,Lesotho,LSO,6
2019,Lesotho,LSO,6
2020,Lesotho,LSO,6
2000,Liberia,LBR,266926
2001,Liberia,LBR,244603
2002,Liberia,LBR,275414
2003,Liberia,LBR,353340
2004,Liberia,LBR,335466
2005,Liberia,LBR,231136
2006,Liberia,LBR,160543
2007,Liberia,LBR,91542
2008,Liberia,LBR,75221
2009,Liberia,LBR,71601
2010,Liberia,LBR,70133
2011,Liberia,LBR,66779
2012,Liberia,LBR,23428
2013,Liberia,LBR,17548
2014,Liberia,LBR,13561
2015,Liberia,LBR,9972
2016,Liberia,LBR,6558
2017,Liberia,LBR,6039
2018,Liberia,LBR,5508
2019,Liberia,LBR,5365
2020,Liberia,LBR,5195
2000,Libya,LBY,603
2001,Libya,LBY,877
2002,Libya,LBY,1443
2003,Libya,LBY,1553
2004,Libya,LBY,1696
2005,Libya,LBY,1556
2006,Libya,LBY,1557
2007,Libya,LBY,1939
2008,Libya,LBY,2068
2009,Libya,LBY,2189
2010,Libya,LBY,2297
2011,Libya,LBY,4372
2012,Libya,LBY,5233
2013,Libya,LBY,3298
2014,Libya,LBY,4187
2015,Libya,LBY,6077
2016,Libya,LBY,8831
2017,Libya,LBY,11205
2018,Libya,LBY,13868
2019,Libya,LBY,16033
2020,Libya,LBY,17523
2000,Lithuania,LTU,155
2001,Lithuania,LTU,210
2002,Lithuania,LTU,1365
2003,Lithuania,LTU,1535
2004,Lithuania,LTU,1470
2005,Lithuania,LTU,1440
2006,Lithuania,LTU,936
2007,Lithuania,LTU,461
2008,Lithuania,LTU,486
2009,Lithuania,LTU,496
2010,Lithuania,LTU,508
2011,Lithuania,LTU,523
2012,Lithuania,LTU,487
2013,Lithuania,LTU,217
2014,Lithuania,LTU,182
2015,Lithuania,LTU,143
2016,Lithuania,LTU,74
2017,Lithuania,LTU,73
2018,Lithuania,LTU,66
2019,Lithuania,LTU,61
2020,Lithuania,LTU,58
2019,Luxembourg,LUX,5
2020,Luxembourg,LUX,5
2000,Macao,MAC,5
2001,Macao,MAC,5
2002,Macao,MAC,13
2003,Macao,MAC,13
2004,Macao,MAC,18
2005,Macao,MAC,8
2006,Macao,MAC,8
2007,Macao,MAC,8
2008,Macao,MAC,8
2009,Macao,MAC,8
2010,Macao,MAC,8
2011,Macao,MAC,8
2014,Macao,MAC,5
2015,Macao,MAC,5
2016,Macao,MAC,5
2000,Madagascar,MDG,51
2001,Madagascar,MDG,36
2002,Madagascar,MDG,52
2003,Madagascar,MDG,86
2004,Madagascar,MDG,132
2005,Madagascar,MDG,201
2006,Madagascar,MDG,258
2007,Madagascar,MDG,282
2008,Madagascar,MDG,278
2009,Madagascar,MDG,271
2010,Madagascar,MDG,266
2011,Madagascar,MDG,287
2012,Madagascar,MDG,299
2013,Madagascar,MDG,298
2014,Madagascar,MDG,279
2015,Madagascar,MDG,285
2016,Madagascar,MDG,292
2017,Madagascar,MDG,292
2018,Madagascar,MDG,298
2019,Madagascar,MDG,298
2020,Madagascar,MDG,268
2000,Malawi,MWI,34
2001,Malawi,MWI,26
2002,Malawi,MWI,48
2003,Malawi,MWI,60
2004,Malawi,MWI,95
2005,Malawi,MWI,98
2006,Malawi,MWI,112
2007,Malawi,MWI,93
2008,Malawi,MWI,103
2009,Malawi,MWI,126
2010,Malawi,MWI,168
2011,Malawi,MWI,216
2012,Malawi,MWI,273
2013,Malawi,MWI,323
2014,Malawi,MWI,356
2015,Malawi,MWI,429
2016,Malawi,MWI,427
2017,Malawi,MWI,434
2018,Malawi,MWI,472
2019,Malawi,MWI,514
2020,Malawi,MWI,514
2000,Malaysia,MYS,79
2001,Malaysia,MYS,77
2002,Malaysia,MYS,117
2003,Malaysia,MYS,235
2004,Malaysia,MYS,287
2005,Malaysia,MYS,388
2006,Malaysia,MYS,575
2007,Malaysia,MYS,611
2008,Malaysia,MYS,607
2009,Malaysia,MYS,530
2010,Malaysia,MYS,550
2011,Malaysia,MYS,531
2012,Malaysia,MYS,523
2013,Malaysia,MYS,478
2014,Malaysia,MYS,458
2015,Malaysia,MYS,435
2016,Malaysia,MYS,453
2017,Malaysia,MYS,540
2018,Malaysia,MYS,817
2019,Malaysia,MYS,906
2020,Malaysia,MYS,1058
2005,Maldives,MDV,10
2006,Maldives,MDV,15
2007,Maldives,MDV,15
2008,Maldives,MDV,15
2009,Maldives,MDV,15
2010,Maldives,MDV,16
2011,Maldives,MDV,21
2012,Maldives,MDV,22
2013,Maldives,MDV,30
2014,Maldives,MDV,32
2015,Maldives,MDV,39
2016,Maldives,MDV,58
2017,Maldives,MDV,64
2018,Maldives,MDV,74
2019,Maldives,MDV,75
2020,Maldives,MDV,78
2000,Mali,MLI,364
2001,Mali,MLI,311
2002,Mali,MLI,525
2003,Mali,MLI,456
2004,Mali,MLI,476
2005,Mali,MLI,512
2006,Mali,MLI,586
2007,Mali,MLI,4489
2008,Mali,MLI,1751
2009,Mali,MLI,2927
2010,Mali,MLI,3659
2011,Mali,MLI,4289
2012,Mali,MLI,149930
2013,Mali,MLI,152812
2014,Mali,MLI,139249
2015,Mali,MLI,154202
2016,Mali,MLI,156415
2017,Mali,MLI,150305
2018,Mali,MLI,158267
2019,Mali,MLI,164466
2020,Mali,MLI,164588
2000,Malta,MLT,17
2001,Malta,MLT,7
2002,Malta,MLT,7
2003,Malta,MLT,6
2006,Malta,MLT,25
2007,Malta,MLT,10
2008,Malta,MLT,10
2009,Malta,MLT,10
2010,Malta,MLT,5
2011,Malta,MLT,5
2012,Malta,MLT,5
2013,Malta,MLT,5
2018,Malta,MLT,5
2019,Malta,MLT,5
2020,Malta,MLT,5
2013,Marshall Islands,MHL,5
2014,Marshall Islands,MHL,5
2015,Marshall Islands,MHL,5
2016,Marshall Islands,MHL,5
2017,Marshall Islands,MHL,7
2018,Marshall Islands,MHL,7
2019,Marshall Islands,MHL,7
2020,Marshall Islands,MHL,7
2000,Mauritania,MRT,29742
2001,Mauritania,MRT,29850
2002,Mauritania,MRT,30130
2003,Mauritania,MRT,30518
2004,Mauritania,MRT,31104
2005,Mauritania,MRT,31650
2006,Mauritania,MRT,33420
2007,Mauritania,MRT,33095
2008,Mauritania,MRT,45592
2009,Mauritania,MRT,39134
2010,Mauritania,MRT,37721
2011,Mauritania,MRT,39919
2012,Mauritania,MRT,33747
2013,Mauritania,MRT,34239
2014,Mauritania,MRT,34103
2015,Mauritania,MRT,34656
2016,Mauritania,MRT,36263
2017,Mauritania,MRT,36525
2018,Mauritania,MRT,37050
2019,Mauritania,MRT,37423
2020,Mauritania,MRT,37931
2000,Mauritius,MUS,29
2001,Mauritius,MUS,30
2002,Mauritius,MUS,39
2003,Mauritius,MUS,54
2004,Mauritius,MUS,15
2005,Mauritius,MUS,22
2006,Mauritius,MUS,75
2007,Mauritius,MUS,67
2008,Mauritius,MUS,20
2009,Mauritius,MUS,21
2010,Mauritius,MUS,25
2011,Mauritius,MUS,36
2012,Mauritius,MUS,57
2013,Mauritius,MUS,72
2014,Mauritius,MUS,91
2015,Mauritius,MUS,101
2016,Mauritius,MUS,106
2017,Mauritius,MUS,130
2018,Mauritius,MUS,156
2019,Mauritius,MUS,178
2020,Mauritius,MUS,176
2000,Mexico,MEX,1288
2001,Mexico,MEX,1592
2002,Mexico,MEX,1668
2003,Mexico,MEX,1650
2004,Mexico,MEX,1740
2005,Mexico,MEX,2309
2006,Mexico,MEX,3301
2007,Mexico,MEX,5568
2008,Mexico,MEX,6160
2009,Mexico,MEX,6433
2010,Mexico,MEX,6809
2011,Mexico,MEX,7471
2012,Mexico,MEX,8438
2013,Mexico,MEX,9396
2014,Mexico,MEX,10672
2015,Mexico,MEX,11340
2016,Mexico,MEX,10387
2017,Mexico,MEX,11679
2018,Mexico,MEX,12870
2019,Mexico,MEX,14621
2020,Mexico,MEX,15398
2000,Moldova,MDA,2650
2001,Moldova,MDA,3731
2002,Moldova,MDA,10121
2003,Moldova,MDA,11141
2004,Moldova,MDA,11936
2005,Moldova,MDA,12065
2006,Moldova,MDA,11680
2007,Moldova,MDA,4913
2008,Moldova,MDA,5551
2009,Moldova,MDA,5928
2010,Moldova,MDA,6204
2011,Moldova,MDA,6261
2012,Moldova,MDA,6148
2013,Moldova,MDA,2210
2014,Moldova,MDA,2230
2015,Moldova,MDA,2289
2016,Moldova,MDA,2316
2017,Moldova,MDA,2339
2018,Moldova,MDA,2397
2019,Moldova,MDA,2427
2020,Moldova,MDA,2206
2011,Monaco,MCO,5
2012,Monaco,MCO,5
2013,Monaco,MCO,5
2014,Monaco,MCO,5
2015,Monaco,MCO,5
2016,Monaco,MCO,5
2017,Monaco,MCO,5
2018,Monaco,MCO,5
2019,Monaco,MCO,5
2000,Mongolia,MNG,25
2001,Mongolia,MNG,57
2002,Mongolia,MNG,277
2003,Mongolia,MNG,324
2004,Mongolia,MNG,443
2005,Mongolia,MNG,655
2006,Mongolia,MNG,866
2007,Mongolia,MNG,1103
2008,Mongolia,MNG,1329
2009,Mongolia,MNG,1490
2010,Mongolia,MNG,1720
2011,Mongolia,MNG,1982
2012,Mongolia,MNG,2111
2013,Mongolia,MNG,2054
2014,Mongolia,MNG,2162
2015,Mongolia,MNG,2198
2016,Mongolia,MNG,2282
2017,Mongolia,MNG,2227
2018,Mongolia,MNG,2249
2019,Mongolia,MNG,2364
2020,Mongolia,MNG,2277
2006,Montenegro,MNE,136
2007,Montenegro,MNE,555
2008,Montenegro,MNE,1280
2009,Montenegro,MNE,2578
2010,Montenegro,MNE,3243
2011,Montenegro,MNE,3699
2012,Montenegro,MNE,4052
2013,Montenegro,MNE,542
2014,Montenegro,MNE,601
2015,Montenegro,MNE,646
2016,Montenegro,MNE,713
2017,Montenegro,MNE,704
2018,Montenegro,MNE,715
2019,Montenegro,MNE,659
2020,Montenegro,MNE,530
2000,Morocco,MAR,394
2001,Morocco,MAR,357
2002,Morocco,MAR,1266
2003,Morocco,MAR,1291
2004,Morocco,MAR,1313
2005,Morocco,MAR,2914
2006,Morocco,MAR,4699
2007,Morocco,MAR,4036
2008,Morocco,MAR,3520
2009,Morocco,MAR,2277
2010,Morocco,MAR,2276
2011,Morocco,MAR,2305
2012,Morocco,MAR,2394
2013,Morocco,MAR,1290
2014,Morocco,MAR,1523
2015,Morocco,MAR,1760
2016,Morocco,MAR,2240
2017,Morocco,MAR,3089
2018,Morocco,MAR,3873
2019,Morocco,MAR,4642
2020,Morocco,MAR,4467
2000,Mozambique,MOZ,24
2001,Mozambique,MOZ,45
2002,Mozambique,MOZ,129
2003,Mozambique,MOZ,106
2004,Mozambique,MOZ,94
2005,Mozambique,MOZ,93
2006,Mozambique,MOZ,216
2007,Mozambique,MOZ,213
2008,Mozambique,MOZ,198
2009,Mozambique,MOZ,130
2010,Mozambique,MOZ,120
2011,Mozambique,MOZ,147
2012,Mozambique,MOZ,155
2013,Mozambique,MOZ,51
2014,Mozambique,MOZ,55
2015,Mozambique,MOZ,55
2016,Mozambique,MOZ,48
2017,Mozambique,MOZ,48
2018,Mozambique,MOZ,57
2019,Mozambique,MOZ,77
2020,Mozambique,MOZ,81
2000,Myanmar,MMR,137121
2001,Myanmar,MMR,145849
2002,Myanmar,MMR,148493
2003,Myanmar,MMR,151370
2004,Myanmar,MMR,160997
2005,Myanmar,MMR,164851
2006,Myanmar,MMR,202817
2007,Myanmar,MMR,191308
2008,Myanmar,MMR,184410
2009,Myanmar,MMR,406667
2010,Myanmar,MMR,415662
2011,Myanmar,MMR,414615
2012,Myanmar,MMR,415363
2013,Myanmar,MMR,479594
2014,Myanmar,MMR,479006
2015,Myanmar,MMR,451804
2016,Myanmar,MMR,490285
2017,Myanmar,MMR,1156742
2018,Myanmar,MMR,1145149
2019,Myanmar,MMR,1076826
2020,Myanmar,MMR,1103245
2000,Namibia,NAM,2307
2001,Namibia,NAM,2295
2002,Namibia,NAM,1298
2003,Namibia,NAM,1289
2004,Namibia,NAM,1307
2005,Namibia,NAM,1221
2006,Namibia,NAM,1196
2007,Namibia,NAM,1123
2008,Namibia,NAM,976
2009,Namibia,NAM,918
2010,Namibia,NAM,1013
2011,Namibia,NAM,1067
2012,Namibia,NAM,1097
2013,Namibia,NAM,1138
2014,Namibia,NAM,1250
2015,Namibia,NAM,1272
2016,Namibia,NAM,1363
2017,Namibia,NAM,1368
2018,Namibia,NAM,1331
2019,Namibia,NAM,459
2020,Namibia,NAM,457
2000,Nauru,NRU,5
2003,Nauru,NRU,5
2020,Nauru,NRU,5
2000,Nepal,NPL,227
2001,Nepal,NPL,300
2002,Nepal,NPL,899
2003,Nepal,NPL,1232
2004,Nepal,NPL,1414
2005,Nepal,NPL,2061
2006,Nepal,NPL,2651
2007,Nepal,NPL,3364
2008,Nepal,NPL,4190
2009,Nepal,NPL,5101
2010,Nepal,NPL,5883
2011,Nepal,NPL,6845
2012,Nepal,NPL,7601
2013,Nepal,NPL,8098
2014,Nepal,NPL,8542
2015,Nepal,NPL,9051
2016,Nepal,NPL,8364
2017,Nepal,NPL,8415
2018,Nepal,NPL,8590
2019,Nepal,NPL,8034
2020,Nepal,NPL,7483
2000,Netherlands,NLD,14
2001,Netherlands,NLD,5
2002,Netherlands,NLD,32
2003,Netherlands,NLD,38
2004,Netherlands,NLD,45
2005,Netherlands,NLD,155
2006,Netherlands,NLD,41
2007,Netherlands,NLD,44
2008,Netherlands,NLD,46
2009,Netherlands,NLD,44
2010,Netherlands,NLD,52
2011,Netherlands,NLD,61
2012,Netherlands,NLD,69
2013,Netherlands,NLD,59
2014,Netherlands,NLD,63
2015,Netherlands,NLD,64
2016,Netherlands,NLD,32
2017,Netherlands,NLD,39
2018,Netherlands,NLD,41
2019,Netherlands,NLD,55
2020,Netherlands,NLD,51
2005,New Zealand,NZL,5
2006,New Zealand,NZL,7
2007,New Zealand,NZL,12
2008,New Zealand,NZL,8
2009,New Zealand,NZL,9
2010,New Zealand,NZL,11
2011,New Zealand,NZL,13
2012,New Zealand,NZL,19
2013,New Zealand,NZL,15
2014,New Zealand,NZL,14
2015,New Zealand,NZL,16
2016,New Zealand,NZL,25
2017,New Zealand,NZL,34
2018,New Zealand,NZL,34
2019,New Zealand,NZL,34
2020,New Zealand,NZL,35
2000,Nicaragua,NIC,5070
2001,Nicaragua,NIC,4397
2002,Nicaragua,NIC,4049
2003,Nicaragua,NIC,3984
2004,Nicaragua,NIC,1822
2005,Nicaragua,NIC,1463
2006,Nicaragua,NIC,1827
2007,Nicaragua,NIC,1899
2008,Nicaragua,NIC,1533
2009,Nicaragua,NIC,1473
2010,Nicaragua,NIC,1426
2011,Nicaragua,NIC,1464
2012,Nicaragua,NIC,1526
2013,Nicaragua,NIC,1530
2014,Nicaragua,NIC,1580
2015,Nicaragua,NIC,1469
2016,Nicaragua,NIC,1409
2017,Nicaragua,NIC,1467
2018,Nicaragua,NIC,1671
2019,Nicaragua,NIC,4376
2020,Nicaragua,NIC,8701
2000,Niger,NER,483
2001,Niger,NER,478
2002,Niger,NER,829
2003,Niger,NER,716
2004,Niger,NER,676
2005,Niger,NER,642
2006,Niger,NER,803
2007,Niger,NER,817
2008,Niger,NER,789
2009,Niger,NER,812
2010,Niger,NER,794
2011,Niger,NER,805
2012,Niger,NER,824
2013,Niger,NER,674
2014,Niger,NER,728
2015,Niger,NER,1383
2016,Niger,NER,1230
2017,Niger,NER,1363
2018,Niger,NER,2715
2019,Niger,NER,3063
2020,Niger,NER,18853
2000,Nigeria,NGA,5735
2001,Nigeria,NGA,6077
2002,Nigeria,NGA,24559
2003,Nigeria,NGA,24414
2004,Nigeria,NGA,23882
2005,Nigeria,NGA,22123
2006,Nigeria,NGA,13242
2007,Nigeria,NGA,13898
2008,Nigeria,NGA,14170
2009,Nigeria,NGA,15609
2010,Nigeria,NGA,15645
2011,Nigeria,NGA,17140
2012,Nigeria,NGA,18017
2013,Nigeria,NGA,31173
2014,Nigeria,NGA,90936
2015,Nigeria,NGA,167973
2016,Nigeria,NGA,229290
2017,Nigeria,NGA,238977
2018,Nigeria,NGA,276834
2019,Nigeria,NGA,295578
2020,Nigeria,NGA,352960
2000,North Korea,PRK,15
2001,North Korea,PRK,17
2002,North Korea,PRK,256
2003,North Korea,PRK,306
2004,North Korea,PRK,344
2005,North Korea,PRK,287
2006,North Korea,PRK,394
2007,North Korea,PRK,602
2008,North Korea,PRK,881
2009,North Korea,PRK,878
2010,North Korea,PRK,915
2011,North Korea,PRK,1046
2012,North Korea,PRK,1126
2013,North Korea,PRK,1163
2014,North Korea,PRK,1275
2015,North Korea,PRK,1094
2016,North Korea,PRK,1419
2017,North Korea,PRK,1176
2018,North Korea,PRK,797
2019,North Korea,PRK,758
2020,North Korea,PRK,689
2000,North Macedonia,MKD,2175
2001,North Macedonia,MKD,12192
2002,North Macedonia,MKD,8102
2003,North Macedonia,MKD,5981
2004,North Macedonia,MKD,5106
2005,North Macedonia,MKD,8603
2006,North Macedonia,MKD,7937
2007,North Macedonia,MKD,8072
2008,North Macedonia,MKD,7513
2009,North Macedonia,MKD,7921
2010,North Macedonia,MKD,7880
2011,North Macedonia,MKD,7677
2012,North Macedonia,MKD,7582
2013,North Macedonia,MKD,1622
2014,North Macedonia,MKD,1752
2015,North Macedonia,MKD,1769
2016,North Macedonia,MKD,1730
2017,North Macedonia,MKD,1653
2018,North Macedonia,MKD,1721
2019,North Macedonia,MKD,1784
2020,North Macedonia,MKD,1576
2002,Norway,NOR,5
2003,Norway,NOR,5
2004,Norway,NOR,5
2005,Norway,NOR,12
2011,Norway,NOR,5
2012,Norway,NOR,5
2013,Norway,NOR,15
2014,Norway,NOR,15
2015,Norway,NOR,10
2016,Norway,NOR,10
2017,Norway,NOR,15
2018,Norway,NOR,5
2019,Norway,NOR,5
2020,Norway,NOR,5
2000,Oman,OMN,5
2001,Oman,OMN,5
2002,Oman,OMN,19
2003,Oman,OMN,5
2004,Oman,OMN,16
2005,Oman,OMN,10
2006,Oman,OMN,37
2007,Oman,OMN,44
2008,Oman,OMN,55
2009,Oman,OMN,63
2010,Oman,OMN,62
2011,Oman,OMN,58
2012,Oman,OMN,62
2013,Oman,OMN,20
2014,Oman,OMN,25
2015,Oman,OMN,36
2016,Oman,OMN,35
2017,Oman,OMN,39
2018,Oman,OMN,42
2019,Oman,OMN,42
2020,Oman,OMN,47
2000,Pakistan,PAK,10134
2001,Pakistan,PAK,12326
2002,Pakistan,PAK,23164
2003,Pakistan,PAK,24390
2004,Pakistan,PAK,25943
2005,Pakistan,PAK,29906
2006,Pakistan,PAK,25636
2007,Pakistan,PAK,31847
2008,Pakistan,PAK,32391
2009,Pakistan,PAK,35129
2010,Pakistan,PAK,39979
2011,Pakistan,PAK,35948
2012,Pakistan,PAK,49778
2013,Pakistan,PAK,48676
2014,Pakistan,PAK,335947
2015,Pakistan,PAK,297886
2016,Pakistan,PAK,105419
2017,Pakistan,PAK,128914
2018,Pakistan,PAK,132248
2019,Pakistan,PAK,136902
2020,Pakistan,PAK,133280
2000,Panama,PAN,70
2001,Panama,PAN,36
2002,Panama,PAN,44
2003,Panama,PAN,29
2004,Panama,PAN,38
2005,Panama,PAN,41
2006,Panama,PAN,72
2007,Panama,PAN,105
2008,Panama,PAN,106
2009,Panama,PAN,102
2010,Panama,PAN,94
2011,Panama,PAN,98
2012,Panama,PAN,107
2013,Panama,PAN,99
2014,Panama,PAN,83
2015,Panama,PAN,62
2016,Panama,PAN,33
2017,Panama,PAN,36
2018,Panama,PAN,44
2019,Panama,PAN,45
2020,Panama,PAN,70
2000,Papua New Guinea,PNG,6
2001,Papua New Guinea,PNG,6
2002,Papua New Guinea,PNG,12
2003,Papua New Guinea,PNG,12
2004,Papua New Guinea,PNG,12
2005,Papua New Guinea,PNG,20
2006,Papua New Guinea,PNG,27
2007,Papua New Guinea,PNG,33
2008,Papua New Guinea,PNG,44
2009,Papua New Guinea,PNG,68
2010,Papua New Guinea,PNG,87
2011,Papua New Guinea,PNG,126
2012,Papua New Guinea,PNG,172
2013,Papua New Guinea,PNG,219
2014,Papua New Guinea,PNG,285
2015,Papua New Guinea,PNG,335
2016,Papua New Guinea,PNG,401
2017,Papua New Guinea,PNG,406
2018,Papua New Guinea,PNG,424
2019,Papua New Guinea,PNG,475
2020,Papua New Guinea,PNG,510
2000,Paraguay,PRY,20
2001,Paraguay,PRY,6
2002,Paraguay,PRY,26
2003,Paraguay,PRY,34
2004,Paraguay,PRY,34
2005,Paraguay,PRY,42
2006,Paraguay,PRY,103
2007,Paraguay,PRY,99
2008,Paraguay,PRY,97
2009,Paraguay,PRY,77
2010,Paraguay,PRY,86
2011,Paraguay,PRY,91
2012,Paraguay,PRY,101
2013,Paraguay,PRY,91
2014,Paraguay,PRY,87
2015,Paraguay,PRY,88
2016,Paraguay,PRY,68
2017,Paraguay,PRY,77
2018,Paraguay,PRY,73
2019,Paraguay,PRY,84
2020,Paraguay,PRY,119
2000,Peru,PER,6948
2001,Peru,PER,6500
2002,Peru,PER,6431
2003,Peru,PER,5578
2004,Peru,PER,4767
2005,Peru,PER,4863
2006,Peru,PER,6977
2007,Peru,PER,7738
2008,Peru,PER,7329
2009,Peru,PER,6272
2010,Peru,PER,5834
2011,Peru,PER,5488
2012,Peru,PER,5207
2013,Peru,PER,4762
2014,Peru,PER,4333
2015,Peru,PER,3591
2016,Peru,PER,2599
2017,Peru,PER,2588
2018,Peru,PER,2579
2019,Peru,PER,2765
2020,Peru,PER,2834
2000,Philippines,PHL,45481
2001,Philippines,PHL,45469
2002,Philippines,PHL,45606
2003,Philippines,PHL,409
2004,Philippines,PHL,428
2005,Philippines,PHL,464
2006,Philippines,PHL,888
2007,Philippines,PHL,1550
2008,Philippines,PHL,1348
2009,Philippines,PHL,987
2010,Philippines,PHL,963
2011,Philippines,PHL,945
2012,Philippines,PHL,979
2013,Philippines,PHL,718
2014,Philippines,PHL,660
2015,Philippines,PHL,582
2016,Philippines,PHL,426
2017,Philippines,PHL,445
2018,Philippines,PHL,522
2019,Philippines,PHL,554
2020,Philippines,PHL,469
2000,Poland,POL,859
2001,Poland,POL,3187
2002,Poland,POL,16713
2003,Poland,POL,15211
2004,Poland,POL,10683
2005,Poland,POL,19642
2006,Poland,POL,13508
2007,Poland,POL,2911
2008,Poland,POL,2385
2009,Poland,POL,2052
2010,Poland,POL,1758
2011,Poland,POL,1811
2012,Poland,POL,1638
2013,Poland,POL,1428
2014,Poland,POL,1306
2015,Poland,POL,1298
2016,Poland,POL,1159
2017,Poland,POL,1123
2018,Poland,POL,1085
2019,Poland,POL,961
2020,Poland,POL,910
2000,Portugal,PRT,24
2001,Portugal,PRT,14
2002,Portugal,PRT,60
2003,Portugal,PRT,54
2004,Portugal,PRT,43
2005,Portugal,PRT,74
2006,Portugal,PRT,25
2007,Portugal,PRT,29
2008,Portugal,PRT,35
2009,Portugal,PRT,30
2010,Portugal,PRT,29
2011,Portugal,PRT,29
2012,Portugal,PRT,32
2013,Portugal,PRT,27
2014,Portugal,PRT,30
2015,Portugal,PRT,28
2016,Portugal,PRT,20
2017,Portugal,PRT,16
2018,Portugal,PRT,20
2019,Portugal,PRT,25
2020,Portugal,PRT,27
2002,Qatar,QAT,10
2003,Qatar,QAT,14
2004,Qatar,QAT,10
2005,Qatar,QAT,6
2006,Qatar,QAT,48
2007,Qatar,QAT,57
2008,Qatar,QAT,69
2009,Qatar,QAT,66
2010,Qatar,QAT,109
2011,Qatar,QAT,93
2012,Qatar,QAT,123
2013,Qatar,QAT,15
2014,Qatar,QAT,23
2015,Qatar,QAT,21
2016,Qatar,QAT,25
2017,Qatar,QAT,31
2018,Qatar,QAT,30
2019,Qatar,QAT,36
2020,Qatar,QAT,33
2000,Romania,ROU,7348
2001,Romania,ROU,6052
2002,Romania,ROU,8842
2003,Romania,ROU,8384
2004,Romania,ROU,6043
2005,Romania,ROU,11495
2006,Romania,ROU,7224
2007,Romania,ROU,5299
2008,Romania,ROU,4747
2009,Romania,ROU,4350
2010,Romania,ROU,3926
2011,Romania,ROU,3422
2012,Romania,ROU,2802
2013,Romania,ROU,2331
2014,Romania,ROU,1917
2015,Romania,ROU,1731
2016,Romania,ROU,1195
2017,Romania,ROU,1210
2018,Romania,ROU,1155
2019,Romania,ROU,1352
2020,Romania,ROU,1343
2000,Russia,RUS,40309
2001,Russia,RUS,45154
2002,Russia,RUS,91625
2003,Russia,RUS,96414
2004,Russia,RUS,108096
2005,Russia,RUS,103037
2006,Russia,RUS,159383
2007,Russia,RUS,93218
2008,Russia,RUS,103061
2009,Russia,RUS,109452
2010,Russia,RUS,111944
2011,Russia,RUS,109783
2012,Russia,RUS,110587
2013,Russia,RUS,74310
2014,Russia,RUS,70552
2015,Russia,RUS,67008
2016,Russia,RUS,62759
2017,Russia,RUS,61584
2018,Russia,RUS,61457
2019,Russia,RUS,62353
2020,Russia,RUS,52742
2000,Rwanda,RWA,119051
2001,Rwanda,RWA,84508
2002,Rwanda,RWA,75251
2003,Rwanda,RWA,75258
2004,Rwanda,RWA,63792
2005,Rwanda,RWA,100252
2006,Rwanda,RWA,92956
2007,Rwanda,RWA,80955
2008,Rwanda,RWA,72529
2009,Rwanda,RWA,129108
2010,Rwanda,RWA,115519
2011,Rwanda,RWA,106832
2012,Rwanda,RWA,97357
2013,Rwanda,RWA,83943
2014,Rwanda,RWA,79396
2015,Rwanda,RWA,286357
2016,Rwanda,RWA,286063
2017,Rwanda,RWA,258986
2018,Rwanda,RWA,247469
2019,Rwanda,RWA,246407
2020,Rwanda,RWA,245781
2005,Saint Kitts and Nevis,KNA,31
2010,Saint Kitts and Nevis,KNA,10
2011,Saint Kitts and Nevis,KNA,7
2012,Saint Kitts and Nevis,KNA,10
2013,Saint Kitts and Nevis,KNA,12
2014,Saint Kitts and Nevis,KNA,20
2015,Saint Kitts and Nevis,KNA,25
2016,Saint Kitts and Nevis,KNA,49
2017,Saint Kitts and Nevis,KNA,51
2018,Saint Kitts and Nevis,KNA,58
2019,Saint Kitts and Nevis,KNA,57
2020,Saint Kitts and Nevis,KNA,54
2000,Saint Lucia,LCA,12
2001,Saint Lucia,LCA,9
2002,Saint Lucia,LCA,12
2003,Saint Lucia,LCA,16
2004,Saint Lucia,LCA,32
2005,Saint Lucia,LCA,96
2006,Saint Lucia,LCA,163
2007,Saint Lucia,LCA,227
2008,Saint Lucia,LCA,288
2009,Saint Lucia,LCA,312
2010,Saint Lucia,LCA,334
2011,Saint Lucia,LCA,432
2012,Saint Lucia,LCA,567
2013,Saint Lucia,LCA,711
2014,Saint Lucia,LCA,921
2015,Saint Lucia,LCA,1011
2016,Saint Lucia,LCA,993
2017,Saint Lucia,LCA,995
2018,Saint Lucia,LCA,1025
2019,Saint Lucia,LCA,843
2020,Saint Lucia,LCA,726
2000,Saint Vincent and the Grenadines,VCT,48
2001,Saint Vincent and the Grenadines,VCT,67
2002,Saint Vincent and the Grenadines,VCT,81
2003,Saint Vincent and the Grenadines,VCT,105
2004,Saint Vincent and the Grenadines,VCT,181
2005,Saint Vincent and the Grenadines,VCT,279
2006,Saint Vincent and the Grenadines,VCT,386
2007,Saint Vincent and the Grenadines,VCT,644
2008,Saint Vincent and the Grenadines,VCT,748
2009,Saint Vincent and the Grenadines,VCT,847
2010,Saint Vincent and the Grenadines,VCT,946
2011,Saint Vincent and the Grenadines,VCT,1126
2012,Saint Vincent and the Grenadines,VCT,1315
2013,Saint Vincent and the Grenadines,VCT,1535
2014,Saint Vincent and the Grenadines,VCT,1736
2015,Saint Vincent and the Grenadines,VCT,1823
2016,Saint Vincent and the Grenadines,VCT,1335
2017,Saint Vincent and the Grenadines,VCT,1311
2018,Saint Vincent and the Grenadines,VCT,1258
2019,Saint Vincent and the Grenadines,VCT,979
2020,Saint Vincent and the Grenadines,VCT,742
2008,Samoa,WSM,5
2000,San Marino,SMR,5
2002,San Marino,SMR,5
2000,Sao Tome and Principe,STP,23
2001,Sao Tome and Principe,STP,21
2002,Sao Tome and Principe,STP,41
2003,Sao Tome and Principe,STP,41
2004,Sao Tome and Principe,STP,36
2005,Sao Tome and Principe,STP,23
2006,Sao Tome and Principe,STP,30
2007,Sao Tome and Principe,STP,32
2008,Sao Tome and Principe,STP,32
2009,Sao Tome and Principe,STP,32
2010,Sao Tome and Principe,STP,32
2011,Sao Tome and Principe,STP,32
2012,Sao Tome and Principe,STP,31
2013,Sao Tome and Principe,STP,31
2014,Sao Tome and Principe,STP,24
2015,Sao Tome and Principe,STP,24
2016,Sao Tome and Principe,STP,31
2017,Sao Tome and Principe,STP,31
2018,Sao Tome and Principe,STP,31
2019,Sao Tome and Principe,STP,28
2020,Sao Tome and Principe,STP,28
2000,Saudi Arabia,SAU,77
2001,Saudi Arabia,SAU,29
2002,Saudi Arabia,SAU,104
2003,Saudi Arabia,SAU,232
2004,Saudi Arabia,SAU,212
2005,Saudi Arabia,SAU,146
2006,Saudi Arabia,SAU,609
2007,Saudi Arabia,SAU,737
2008,Saudi Arabia,SAU,700
2009,Saudi Arabia,SAU,629
2010,Saudi Arabia,SAU,659
2011,Saudi Arabia,SAU,733
2012,Saudi Arabia,SAU,811
2013,Saudi Arabia,SAU,575
2014,Saudi Arabia,SAU,616
2015,Saudi Arabia,SAU,686
2016,Saudi Arabia,SAU,937
2017,Saudi Arabia,SAU,1219
2018,Saudi Arabia,SAU,1492
2019,Saudi Arabia,SAU,1721
2020,Saudi Arabia,SAU,2003
2000,Senegal,SEN,11077
2001,Senegal,SEN,8554
2002,Senegal,SEN,12069
2003,Senegal,SEN,8347
2004,Senegal,SEN,8325
2005,Senegal,SEN,8662
2006,Senegal,SEN,15150
2007,Senegal,SEN,15886
2008,Senegal,SEN,16007
2009,Senegal,SEN,16306
2010,Senegal,SEN,16255
2011,Senegal,SEN,17710
2012,Senegal,SEN,18717
2013,Senegal,SEN,19815
2014,Senegal,SEN,23110
2015,Senegal,SEN,21267
2016,Senegal,SEN,23054
2017,Senegal,SEN,26584
2018,Senegal,SEN,18208
2019,Senegal,SEN,17208
2020,Senegal,SEN,13986
2000,Serbia,SRB,146749
2001,Serbia,SRB,144231
2002,Serbia,SRB,327582
2003,Serbia,SRB,296627
2004,Serbia,SRB,237015
2005,Serbia,SRB,189985
2006,Serbia,SRB,174022
2007,Serbia,SRB,165636
2008,Serbia,SRB,185930
2009,Serbia,SRB,195625
2010,Serbia,SRB,183284
2011,Serbia,SRB,161664
2012,Serbia,SRB,158903
2013,Serbia,SRB,48725
2014,Serbia,SRB,45730
2015,Serbia,SRB,38620
2016,Serbia,SRB,36928
2017,Serbia,SRB,33246
2018,Serbia,SRB,32368
2019,Serbia,SRB,31251
2020,Serbia,SRB,29976
2000,Seychelles,SYC,25
2001,Seychelles,SYC,14
2002,Seychelles,SYC,43
2003,Seychelles,SYC,37
2004,Seychelles,SYC,47
2005,Seychelles,SYC,39
2006,Seychelles,SYC,61
2007,Seychelles,SYC,54
2008,Seychelles,SYC,51
2009,Seychelles,SYC,47
2010,Seychelles,SYC,47
2011,Seychelles,SYC,39
2012,Seychelles,SYC,30
2013,Seychelles,SYC,24
2014,Seychelles,SYC,23
2015,Seychelles,SYC,19
2016,Seychelles,SYC,10
2017,Seychelles,SYC,10
2018,Seychelles,SYC,15
2019,Seychelles,SYC,15
2020,Seychelles,SYC,10
2000,Sierra Leone,SLE,402798
2001,Sierra Leone,SLE,179097
2002,Sierra Leone,SLE,141473
2003,Sierra Leone,SLE,70571
2004,Sierra Leone,SLE,41797
2005,Sierra Leone,SLE,40473
2006,Sierra Leone,SLE,42849
2007,Sierra Leone,SLE,32114
2008,Sierra Leone,SLE,32517
2009,Sierra Leone,SLE,15398
2010,Sierra Leone,SLE,11261
2011,Sierra Leone,SLE,7985
2012,Sierra Leone,SLE,6191
2013,Sierra Leone,SLE,5305
2014,Sierra Leone,SLE,4988
2015,Sierra Leone,SLE,4900
2016,Sierra Leone,SLE,4678
2017,Sierra Leone,SLE,4496
2018,Sierra Leone,SLE,4846
2019,Sierra Leone,SLE,5288
2020,Sierra Leone,SLE,5734
2000,Singapore,SGP,21
2001,Singapore,SGP,15
2002,Singapore,SGP,40
2003,Singapore,SGP,35
2004,Singapore,SGP,36
2005,Singapore,SGP,35
2006,Singapore,SGP,108
2007,Singapore,SGP,117
2008,Singapore,SGP,106
2009,Singapore,SGP,77
2010,Singapore,SGP,74
2011,Singapore,SGP,65
2012,Singapore,SGP,64
2013,Singapore,SGP,61
2014,Singapore,SGP,55
2015,Singapore,SGP,50
2016,Singapore,SGP,38
2017,Singapore,SGP,48
2018,Singapore,SGP,46
2019,Singapore,SGP,39
2020,Singapore,SGP,37
2000,Slovakia,SVK,216
2001,Slovakia,SVK,189
2002,Slovakia,SVK,596
2003,Slovakia,SVK,668
2004,Slovakia,SVK,618
2005,Slovakia,SVK,787
2006,Slovakia,SVK,741
2007,Slovakia,SVK,346
2008,Slovakia,SVK,333
2009,Slovakia,SVK,336
2010,Slovakia,SVK,157
2011,Slovakia,SVK,271
2012,Slovakia,SVK,231
2013,Slovakia,SVK,321
2014,Slovakia,SVK,316
2015,Slovakia,SVK,325
2016,Slovakia,SVK,792
2017,Slovakia,SVK,913
2018,Slovakia,SVK,1218
2019,Slovakia,SVK,1343
2020,Slovakia,SVK,1368
2000,Slovenia,SVN,3278
2001,Slovenia,SVN,762
2002,Slovenia,SVN,853
2003,Slovenia,SVN,608
2004,Slovenia,SVN,580
2005,Slovenia,SVN,154
2006,Slovenia,SVN,1757
2007,Slovenia,SVN,47
2008,Slovenia,SVN,49
2009,Slovenia,SVN,35
2010,Slovenia,SVN,35
2011,Slovenia,SVN,30
2012,Slovenia,SVN,32
2013,Slovenia,SVN,27
2014,Slovenia,SVN,25
2015,Slovenia,SVN,21
2016,Slovenia,SVN,20
2017,Slovenia,SVN,17
2018,Slovenia,SVN,19
2019,Slovenia,SVN,19
2020,Slovenia,SVN,17
2000,Solomon Islands,SLB,34
2001,Solomon Islands,SLB,42
2002,Solomon Islands,SLB,55
2003,Solomon Islands,SLB,61
2004,Solomon Islands,SLB,61
2005,Solomon Islands,SLB,27
2006,Solomon Islands,SLB,37
2007,Solomon Islands,SLB,47
2008,Solomon Islands,SLB,51
2009,Solomon Islands,SLB,65
2010,Solomon Islands,SLB,75
2011,Solomon Islands,SLB,72
2012,Solomon Islands,SLB,60
2013,Solomon Islands,SLB,60
2014,Solomon Islands,SLB,70
2015,Solomon Islands,SLB,71
2016,Solomon Islands,SLB,71
2017,Solomon Islands,SLB,57
2018,Solomon Islands,SLB,33
2019,Solomon Islands,SLB,34
2020,Solomon Islands,SLB,37
2000,Somalia,SOM,475644
2001,Somalia,SOM,440120
2002,Somalia,SOM,432304
2003,Somalia,SOM,402329
2004,Somalia,SOM,389287
2005,Somalia,SOM,395544
2006,Somalia,SOM,464026
2007,Somalia,SOM,457345
2008,Somalia,SOM,561145
2009,Somalia,SOM,678296
2010,Somalia,SOM,770141
2011,Somalia,SOM,1077038
2012,Somalia,SOM,1136709
2013,Somalia,SOM,1121760
2014,Somalia,SOM,1106430
2015,Somalia,SOM,1123144
2016,Somalia,SOM,1012320
2017,Somalia,SOM,986386
2018,Somalia,SOM,949637
2019,Somalia,SOM,901596
2020,Somalia,SOM,812356
2000,South Africa,ZAF,168
2001,South Africa,ZAF,131
2002,South Africa,ZAF,271
2003,South Africa,ZAF,284
2004,South Africa,ZAF,261
2005,South Africa,ZAF,259
2006,South Africa,ZAF,501
2007,South Africa,ZAF,474
2008,South Africa,ZAF,449
2009,South Africa,ZAF,380
2010,South Africa,ZAF,374
2011,South Africa,ZAF,422
2012,South Africa,ZAF,413
2013,South Africa,ZAF,424
2014,South Africa,ZAF,422
2015,South Africa,ZAF,447
2016,South Africa,ZAF,452
2017,South Africa,ZAF,461
2018,South Africa,ZAF,482
2019,South Africa,ZAF,441
2020,South Africa,ZAF,474
2000,South Korea,KOR,69
2001,South Korea,KOR,83
2002,South Korea,KOR,244
2003,South Korea,KOR,236
2004,South Korea,KOR,269
2005,South Korea,KOR,266
2006,South Korea,KOR,1333
2007,South Korea,KOR,1183
2008,South Korea,KOR,1099
2009,South Korea,KOR,567
2010,South Korea,KOR,578
2011,South Korea,KOR,508
2012,South Korea,KOR,555
2013,South Korea,KOR,495
2014,South Korea,KOR,478
2015,South Korea,KOR,346
2016,South Korea,KOR,243
2017,South Korea,KOR,239
2018,South Korea,KOR,274
2019,South Korea,KOR,180
2020,South Korea,KOR,146
2012,South Sudan,SSD,87007
2013,South Sudan,SSD,114468
2014,South Sudan,SSD,616206
2015,South Sudan,SSD,778722
2016,South Sudan,SSD,1436707
2017,South Sudan,SSD,2439888
2018,South Sudan,SSD,2285301
2019,South Sudan,SSD,2234805
2020,South Sudan,SSD,2188785
2000,Spain,ESP,75
2001,Spain,ESP,45
2002,Spain,ESP,58
2003,Spain,ESP,51
2004,Spain,ESP,53
2005,Spain,ESP,49
2006,Spain,ESP,2442
2007,Spain,ESP,37
2008,Spain,ESP,26
2009,Spain,ESP,34
2010,Spain,ESP,41
2011,Spain,ESP,42
2012,Spain,ESP,55
2013,Spain,ESP,56
2014,Spain,ESP,60
2015,Spain,ESP,60
2016,Spain,ESP,34
2017,Spain,ESP,39
2018,Spain,ESP,46
2019,Spain,ESP,51
2020,Spain,ESP,52
2000,Sri Lanka,LKA,124156
2001,Sri Lanka,LKA,122414
2002,Sri Lanka,LKA,133240
2003,Sri Lanka,LKA,122005
2004,Sri Lanka,LKA,114050
2005,Sri Lanka,LKA,108132
2006,Sri Lanka,LKA,116948
2007,Sri Lanka,LKA,134945
2008,Sri Lanka,LKA,137742
2009,Sri Lanka,LKA,145711
2010,Sri Lanka,LKA,141064
2011,Sri Lanka,LKA,136602
2012,Sri Lanka,LKA,132720
2013,Sri Lanka,LKA,123074
2014,Sri Lanka,LKA,121991
2015,Sri Lanka,LKA,121427
2016,Sri Lanka,LKA,117472
2017,Sri Lanka,LKA,115632
2018,Sri Lanka,LKA,113955
2019,Sri Lanka,LKA,110341
2020,Sri Lanka,LKA,142664
2000,Sudan,SDN,494351
2001,Sudan,SDN,489931
2002,Sudan,SDN,508863
2003,Sudan,SDN,606230
2004,Sudan,SDN,730631
2005,Sudan,SDN,693621
2006,Sudan,SDN,686296
2007,Sudan,SDN,523029
2008,Sudan,SDN,419249
2009,Sudan,SDN,368178
2010,Sudan,SDN,387265
2011,Sudan,SDN,500004
2012,Sudan,SDN,568934
2013,Sudan,SDN,648936
2014,Sudan,SDN,665956
2015,Sudan,SDN,627080
2016,Sudan,SDN,650391
2017,Sudan,SDN,694556
2018,Sudan,SDN,724787
2019,Sudan,SDN,734780
2020,Sudan,SDN,787823
2000,Suriname,SUR,334
2001,Suriname,SUR,239
2002,Suriname,SUR,101
2003,Suriname,SUR,67
2004,Suriname,SUR,47
2005,Suriname,SUR,26
2006,Suriname,SUR,65
2007,Suriname,SUR,62
2008,Suriname,SUR,50
2009,Suriname,SUR,44
2010,Suriname,SUR,24
2011,Suriname,SUR,22
2012,Suriname,SUR,14
2013,Suriname,SUR,17
2014,Suriname,SUR,17
2015,Suriname,SUR,19
2016,Suriname,SUR,16
2017,Suriname,SUR,17
2018,Suriname,SUR,22
2019,Suriname,SUR,17
2020,Suriname,SUR,17
2000,Sweden,SWE,17
2001,Sweden,SWE,5
2002,Sweden,SWE,27
2003,Sweden,SWE,35
2004,Sweden,SWE,30
2005,Sweden,SWE,75
2006,Sweden,SWE,16
2007,Sweden,SWE,17
2008,Sweden,SWE,16
2009,Sweden,SWE,15
2010,Sweden,SWE,23
2011,Sweden,SWE,23
2012,Sweden,SWE,21
2013,Sweden,SWE,18
2014,Sweden,SWE,18
2015,Sweden,SWE,18
2016,Sweden,SWE,13
2017,Sweden,SWE,14
2018,Sweden,SWE,16
2019,Sweden,SWE,13
2020,Sweden,SWE,8
2000,Switzerland,CHE,69
2001,Switzerland,CHE,60
2002,Switzerland,CHE,55
2003,Switzerland,CHE,34
2004,Switzerland,CHE,11
2005,Switzerland,CHE,14
2006,Switzerland,CHE,38
2007,Switzerland,CHE,33
2008,Switzerland,CHE,32
2009,Switzerland,CHE,19
2010,Switzerland,CHE,20
2011,Switzerland,CHE,20
2012,Switzerland,CHE,16
2013,Switzerland,CHE,11
2014,Switzerland,CHE,16
2015,Switzerland,CHE,16
2016,Switzerland,CHE,5
2017,Switzerland,CHE,5
2018,Switzerland,CHE,5
2019,Switzerland,CHE,5
2020,Switzerland,CHE,5
2000,Syria,SYR,5868
2001,Syria,SYR,4861
2002,Syria,SYR,18908
2003,Syria,SYR,20816
2004,Syria,SYR,21430
2005,Syria,SYR,16395
2006,Syria,SYR,12327
2007,Syria,SYR,13684
2008,Syria,SYR,15206
2009,Syria,SYR,17915
2010,Syria,SYR,18451
2011,Syria,SYR,19931
2012,Syria,SYR,729011
2013,Syria,SYR,2468323
2014,Syria,SYR,3887490
2015,Syria,SYR,4873236
2016,Syria,SYR,5524511
2017,Syria,SYR,6310498
2018,Syria,SYR,6654374
2019,Syria,SYR,6615249
2020,Syria,SYR,6702910
2000,Tajikistan,TJK,59937
2001,Tajikistan,TJK,56107
2002,Tajikistan,TJK,63264
2003,Tajikistan,TJK,58935
2004,Tajikistan,TJK,56776
2005,Tajikistan,TJK,54753
2006,Tajikistan,TJK,646
2007,Tajikistan,TJK,887
2008,Tajikistan,TJK,541
2009,Tajikistan,TJK,556
2010,Tajikistan,TJK,573
2011,Tajikistan,TJK,604
2012,Tajikistan,TJK,669
2013,Tajikistan,TJK,657
2014,Tajikistan,TJK,722
2015,Tajikistan,TJK,790
2016,Tajikistan,TJK,932
2017,Tajikistan,TJK,1369
2018,Tajikistan,TJK,1695
2019,Tajikistan,TJK,1987
2020,Tajikistan,TJK,2219
2000,Tanzania,TZA,310
2001,Tanzania,TZA,369
2002,Tanzania,TZA,578
2003,Tanzania,TZA,703
2004,Tanzania,TZA,982
2005,Tanzania,TZA,1542
2006,Tanzania,TZA,1665
2007,Tanzania,TZA,1250
2008,Tanzania,TZA,1262
2009,Tanzania,TZA,1191
2010,Tanzania,TZA,1135
2011,Tanzania,TZA,1154
2012,Tanzania,TZA,1109
2013,Tanzania,TZA,1033
2014,Tanzania,TZA,843
2015,Tanzania,TZA,810
2016,Tanzania,TZA,579
2017,Tanzania,TZA,655
2018,Tanzania,TZA,723
2019,Tanzania,TZA,695
2020,Tanzania,TZA,689
2000,Thailand,THA,213
2001,Thailand,THA,90
2002,Thailand,THA,342
2003,Thailand,THA,295
2004,Thailand,THA,320
2005,Thailand,THA,424
2006,Thailand,THA,3323
2007,Thailand,THA,2322
2008,Thailand,THA,1811
2009,Thailand,THA,498
2010,Thailand,THA,351
2011,Thailand,THA,365
2012,Thailand,THA,378
2013,Thailand,THA,220
2014,Thailand,THA,223
2015,Thailand,THA,209
2016,Thailand,THA,147
2017,Thailand,THA,164
2018,Thailand,THA,183
2019,Thailand,THA,173
2020,Thailand,THA,174
2000,Togo,TGO,4022
2001,Togo,TGO,4356
2002,Togo,TGO,10441
2003,Togo,TGO,10609
2004,Togo,TGO,10818
2005,Togo,TGO,51092
2006,Togo,TGO,27318
2007,Togo,TGO,22481
2008,Togo,TGO,16734
2009,Togo,TGO,18363
2010,Togo,TGO,18308
2011,Togo,TGO,17853
2012,Togo,TGO,15683
2013,Togo,TGO,10301
2014,Togo,TGO,9271
2015,Togo,TGO,8774
2016,Togo,TGO,8296
2017,Togo,TGO,8115
2018,Togo,TGO,8029
2019,Togo,TGO,8034
2020,Togo,TGO,7704
2000,Tonga,TON,5
2002,Tonga,TON,7
2003,Tonga,TON,11
2004,Tonga,TON,5
2006,Tonga,TON,5
2008,Tonga,TON,5
2009,Tonga,TON,5
2010,Tonga,TON,5
2011,Tonga,TON,7
2012,Tonga,TON,11
2013,Tonga,TON,16
2014,Tonga,TON,19
2015,Tonga,TON,22
2016,Tonga,TON,25
2017,Tonga,TON,34
2018,Tonga,TON,32
2019,Tonga,TON,32
2020,Tonga,TON,31
2000,Trinidad and Tobago,TTO,24
2001,Trinidad and Tobago,TTO,16
2002,Trinidad and Tobago,TTO,35
2003,Trinidad and Tobago,TTO,39
2004,Trinidad and Tobago,TTO,38
2005,Trinidad and Tobago,TTO,61
2006,Trinidad and Tobago,TTO,151
2007,Trinidad and Tobago,TTO,210
2008,Trinidad and Tobago,TTO,228
2009,Trinidad and Tobago,TTO,239
2010,Trinidad and Tobago,TTO,252
2011,Trinidad and Tobago,TTO,296
2012,Trinidad and Tobago,TTO,335
2013,Trinidad and Tobago,TTO,336
2014,Trinidad and Tobago,TTO,371
2015,Trinidad and Tobago,TTO,369
2016,Trinidad and Tobago,TTO,295
2017,Trinidad and Tobago,TTO,310
2018,Trinidad and Tobago,TTO,323
2019,Trinidad and Tobago,TTO,307
2020,Trinidad and Tobago,TTO,295
2000,Tunisia,TUN,1205
2001,Tunisia,TUN,1364
2002,Tunisia,TUN,2543
2003,Tunisia,TUN,2562
2004,Tunisia,TUN,2511
2005,Tunisia,TUN,3120
2006,Tunisia,TUN,2835
2007,Tunisia,TUN,2488
2008,Tunisia,TUN,2334
2009,Tunisia,TUN,2237
2010,Tunisia,TUN,2159
2011,Tunisia,TUN,1930
2012,Tunisia,TUN,1918
2013,Tunisia,TUN,1359
2014,Tunisia,TUN,1476
2015,Tunisia,TUN,1554
2016,Tunisia,TUN,1687
2017,Tunisia,TUN,1826
2018,Tunisia,TUN,1985
2019,Tunisia,TUN,2068
2020,Tunisia,TUN,1636
2000,Turkey,TUR,47154
2001,Turkey,TUR,47085
2002,Turkey,TUR,193697
2003,Turkey,TUR,185086
2004,Turkey,TUR,174572
2005,Turkey,TUR,170557
2006,Turkey,TUR,227236
2007,Turkey,TUR,221937
2008,Turkey,TUR,214365
2009,Turkey,TUR,146378
2010,Turkey,TUR,146785
2011,Turkey,TUR,139763
2012,Turkey,TUR,135353
2013,Turkey,TUR,66558
2014,Turkey,TUR,63882
2015,Turkey,TUR,59545
2016,Turkey,TUR,57915
2017,Turkey,TUR,61383
2018,Turkey,TUR,68900
2019,Turkey,TUR,83239
2020,Turkey,TUR,93730
2000,Turkmenistan,TKM,299
2001,Turkmenistan,TKM,305
2002,Turkmenistan,TKM,797
2003,Turkmenistan,TKM,836
2004,Turkmenistan,TKM,815
2005,Turkmenistan,TKM,818
2006,Turkmenistan,TKM,689
2007,Turkmenistan,TKM,667
2008,Turkmenistan,TKM,735
2009,Turkmenistan,TKM,734
2010,Turkmenistan,TKM,723
2011,Turkmenistan,TKM,711
2012,Turkmenistan,TKM,708
2013,Turkmenistan,TKM,502
2014,Turkmenistan,TKM,470
2015,Turkmenistan,TKM,446
2016,Turkmenistan,TKM,371
2017,Turkmenistan,TKM,365
2018,Turkmenistan,TKM,457
2019,Turkmenistan,TKM,478
2020,Turkmenistan,TKM,498
2011,Turks and Caicos Islands,TCA,14
2012,Turks and Caicos Islands,TCA,14
2013,Turks and Caicos Islands,TCA,15
2014,Turks and Caicos Islands,TCA,15
2015,Turks and Caicos Islands,TCA,14
2016,Turks and Caicos Islands,TCA,14
2017,Turks and Caicos Islands,TCA,14
2018,Turks and Caicos Islands,TCA,14
2019,Turks and Caicos Islands,TCA,14
2020,Turks and Caicos Islands,TCA,14
2000,Tuvalu,TUV,5
2001,Tuvalu,TUV,5
2002,Tuvalu,TUV,5
2003,Tuvalu,TUV,5
2004,Tuvalu,TUV,5
2006,Tuvalu,TUV,5
2000,Uganda,UGA,32405
2001,Uganda,UGA,40133
2002,Uganda,UGA,40414
2003,Uganda,UGA,35240
2004,Uganda,UGA,31955
2005,Uganda,UGA,34208
2006,Uganda,UGA,21735
2007,Uganda,UGA,21325
2008,Uganda,UGA,7533
2009,Uganda,UGA,7543
2010,Uganda,UGA,6421
2011,Uganda,UGA,5658
2012,Uganda,UGA,5588
2013,Uganda,UGA,8166
2014,Uganda,UGA,7177
2015,Uganda,UGA,6311
2016,Uganda,UGA,6229
2017,Uganda,UGA,6409
2018,Uganda,UGA,7034
2019,Uganda,UGA,7301
2020,Uganda,UGA,7442
2000,Ukraine,UKR,19310
2001,Ukraine,UKR,26712
2002,Ukraine,UKR,85258
2003,Ukraine,UKR,94141
2004,Ukraine,UKR,89582
2005,Ukraine,UKR,84223
2006,Ukraine,UKR,63716
2007,Ukraine,UKR,25980
2008,Ukraine,UKR,28416
2009,Ukraine,UKR,24512
2010,Ukraine,UKR,25102
2011,Ukraine,UKR,25372
2012,Ukraine,UKR,25248
2013,Ukraine,UKR,5154
2014,Ukraine,UKR,237617
2015,Ukraine,UKR,321399
2016,Ukraine,UKR,239062
2017,Ukraine,UKR,139581
2018,Ukraine,UKR,93248
2019,Ukraine,UKR,59844
2020,Ukraine,UKR,35156
2000,United Arab Emirates,ARE,17
2001,United Arab Emirates,ARE,18
2002,United Arab Emirates,ARE,29
2003,United Arab Emirates,ARE,16
2004,United Arab Emirates,ARE,69
2005,United Arab Emirates,ARE,31
2006,United Arab Emirates,ARE,260
2007,United Arab Emirates,ARE,305
2008,United Arab Emirates,ARE,255
2009,United Arab Emirates,ARE,411
2010,United Arab Emirates,ARE,418
2011,United Arab Emirates,ARE,484
2012,United Arab Emirates,ARE,580
2013,United Arab Emirates,ARE,84
2014,United Arab Emirates,ARE,84
2015,United Arab Emirates,ARE,91
2016,United Arab Emirates,ARE,103
2017,United Arab Emirates,ARE,137
2018,United Arab Emirates,ARE,169
2019,United Arab Emirates,ARE,155
2020,United Arab Emirates,ARE,181
2000,United Kingdom,GBR,109
2001,United Kingdom,GBR,104
2002,United Kingdom,GBR,158
2003,United Kingdom,GBR,146
2004,United Kingdom,GBR,141
2005,United Kingdom,GBR,134
2006,United Kingdom,GBR,170
2007,United Kingdom,GBR,198
2008,United Kingdom,GBR,182
2009,United Kingdom,GBR,155
2010,United Kingdom,GBR,152
2011,United Kingdom,GBR,150
2012,United Kingdom,GBR,150
2013,United Kingdom,GBR,140
2014,United Kingdom,GBR,137
2015,United Kingdom,GBR,128
2016,United Kingdom,GBR,78
2017,United Kingdom,GBR,85
2018,United Kingdom,GBR,84
2019,United Kingdom,GBR,69
2020,United Kingdom,GBR,62
2000,United States,USA,173
2001,United States,USA,220
2002,United States,USA,383
2003,United States,USA,394
2004,United States,USA,451
2005,United States,USA,676
2006,United States,USA,1353
2007,United States,USA,2164
2008,United States,USA,2126
2009,United States,USA,2367
2010,United States,USA,3019
2011,United States,USA,3775
2012,United States,USA,4454
2013,United States,USA,4755
2014,United States,USA,4980
2015,United States,USA,4824
2016,United States,USA,302
2017,United States,USA,310
2018,United States,USA,332
2019,United States,USA,297
2020,United States,USA,349
2000,Uruguay,URY,48
2001,Uruguay,URY,45
2002,Uruguay,URY,60
2003,Uruguay,URY,59
2004,Uruguay,URY,76
2005,Uruguay,URY,107
2006,Uruguay,URY,158
2007,Uruguay,URY,193
2008,Uruguay,URY,194
2009,Uruguay,URY,183
2010,Uruguay,URY,185
2011,Uruguay,URY,183
2012,Uruguay,URY,168
2013,Uruguay,URY,144
2014,Uruguay,URY,119
2015,Uruguay,URY,84
2016,Uruguay,URY,23
2017,Uruguay,URY,12
2018,Uruguay,URY,7
2019,Uruguay,URY,15
2020,Uruguay,URY,15
2000,Uzbekistan,UZB,3628
2001,Uzbekistan,UZB,3454
2002,Uzbekistan,UZB,6882
2003,Uzbekistan,UZB,7394
2004,Uzbekistan,UZB,7292
2005,Uzbekistan,UZB,8322
2006,Uzbekistan,UZB,9095
2007,Uzbekistan,UZB,5658
2008,Uzbekistan,UZB,6297
2009,Uzbekistan,UZB,6662
2010,Uzbekistan,UZB,8841
2011,Uzbekistan,UZB,12667
2012,Uzbekistan,UZB,11593
2013,Uzbekistan,UZB,4953
2014,Uzbekistan,UZB,4790
2015,Uzbekistan,UZB,4197
2016,Uzbekistan,UZB,3824
2017,Uzbekistan,UZB,3405
2018,Uzbekistan,UZB,3276
2019,Uzbekistan,UZB,3217
2020,Uzbekistan,UZB,3112
2000,Venezuela,VEN,469
2001,Venezuela,VEN,464
2002,Venezuela,VEN,525
2003,Venezuela,VEN,598
2004,Venezuela,VEN,1251
2005,Venezuela,VEN,2581
2006,Venezuela,VEN,3821
2007,Venezuela,VEN,5089
2008,Venezuela,VEN,5801
2009,Venezuela,VEN,6216
2010,Venezuela,VEN,6697
2011,Venezuela,VEN,7575
2012,Venezuela,VEN,8204
2013,Venezuela,VEN,8396
2014,Venezuela,VEN,8009
2015,Venezuela,VEN,7455
2016,Venezuela,VEN,7543
2017,Venezuela,VEN,9272
2018,Venezuela,VEN,21047
2019,Venezuela,VEN,93239
2020,Venezuela,VEN,171112
2000,Vietnam,VNM,370753
2001,Vietnam,VNM,353211
2002,Vietnam,VNM,373732
2003,Vietnam,VNM,363170
2004,Vietnam,VNM,349793
2005,Vietnam,VNM,358268
2006,Vietnam,VNM,374278
2007,Vietnam,VNM,327770
2008,Vietnam,VNM,328175
2009,Vietnam,VNM,339299
2010,Vietnam,VNM,338707
2011,Vietnam,VNM,337828
2012,Vietnam,VNM,336936
2013,Vietnam,VNM,314109
2014,Vietnam,VNM,313420
2015,Vietnam,VNM,313152
2016,Vietnam,VNM,329341
2017,Vietnam,VNM,334064
2018,Vietnam,VNM,334464
2019,Vietnam,VNM,316441
2020,Vietnam,VNM,316728
2000,Yemen,YEM,2104
2001,Yemen,YEM,1976
2002,Yemen,YEM,1595
2003,Yemen,YEM,1588
2004,Yemen,YEM,1599
2005,Yemen,YEM,1322
2006,Yemen,YEM,1364
2007,Yemen,YEM,1621
2008,Yemen,YEM,1764
2009,Yemen,YEM,1927
2010,Yemen,YEM,2070
2011,Yemen,YEM,2321
2012,Yemen,YEM,2582
2013,Yemen,YEM,2413
2014,Yemen,YEM,2623
2015,Yemen,YEM,15901
2016,Yemen,YEM,18427
2017,Yemen,YEM,23555
2018,Yemen,YEM,31145
2019,Yemen,YEM,36522
2020,Yemen,YEM,32433
2000,Zambia,ZMB,91
2001,Zambia,ZMB,55
2002,Zambia,ZMB,84
2003,Zambia,ZMB,95
2004,Zambia,ZMB,119
2005,Zambia,ZMB,146
2006,Zambia,ZMB,199
2007,Zambia,ZMB,192
2008,Zambia,ZMB,191
2009,Zambia,ZMB,201
2010,Zambia,ZMB,221
2011,Zambia,ZMB,234
2012,Zambia,ZMB,240
2013,Zambia,ZMB,230
2014,Zambia,ZMB,309
2015,Zambia,ZMB,334
2016,Zambia,ZMB,256
2017,Zambia,ZMB,260
2018,Zambia,ZMB,266
2019,Zambia,ZMB,259
2020,Zambia,ZMB,252
2000,Zimbabwe,ZWE,109
2001,Zimbabwe,ZWE,257
2002,Zimbabwe,ZWE,4024
2003,Zimbabwe,ZWE,7154
2004,Zimbabwe,ZWE,9557
2005,Zimbabwe,ZWE,11246
2006,Zimbabwe,ZWE,12774
2007,Zimbabwe,ZWE,14366
2008,Zimbabwe,ZWE,16824
2009,Zimbabwe,ZWE,22441
2010,Zimbabwe,ZWE,24080
2011,Zimbabwe,ZWE,25033
2012,Zimbabwe,ZWE,22082
2013,Zimbabwe,ZWE,19719
2014,Zimbabwe,ZWE,22478
2015,Zimbabwe,ZWE,21332
2016,Zimbabwe,ZWE,18141
2017,Zimbabwe,ZWE,17420
2018,Zimbabwe,ZWE,15618
2019,Zimbabwe,ZWE,10045
2020,Zimbabwe,ZWE,8575
